# Blender 5.1.1
# www.blender.org
o Vintage_Furniture_Coffee_Table_OBJ
v 0.000000 1.743653 0.000000
v -2.418542 1.989761 1.253899
v -2.479817 1.989982 1.244193
v -2.535091 1.989982 1.216030
v -2.578955 1.989982 1.172164
v -2.607116 1.989982 1.116890
v -2.616822 1.989982 1.055620
v -2.490804 1.974150 1.255180
v -2.546078 1.974150 1.227016
v -2.589938 1.974150 1.183150
v -2.618103 1.974150 1.127877
v -2.627808 1.974079 1.066605
v -2.429529 1.974079 1.264882
v -2.607944 1.992841 1.046736
v -2.598235 1.993064 1.108008
v -2.570078 1.993064 1.163281
v -2.526210 1.993064 1.207147
v -2.470937 1.992841 1.235311
v -2.409661 1.992620 1.245015
v -2.604545 2.004122 1.043343
v -2.594840 2.004122 1.104613
v -2.566679 2.004275 1.159888
v -2.522810 2.004122 1.203752
v -2.467537 2.004122 1.231916
v -2.406266 2.003937 1.241620
v -2.582887 2.022798 1.030382
v -2.573489 2.022868 1.089921
v -2.546180 2.022705 1.143662
v -2.503534 2.022760 1.186250
v -2.449755 2.023027 1.213536
v -2.392787 2.022952 1.222531
v -2.590167 2.009419 1.035281
v -2.580403 2.009650 1.095020
v -2.552865 2.009606 1.148960
v -2.510041 2.009630 1.191800
v -2.456207 2.009433 1.219389
v -2.396501 2.009463 1.229089
v -2.630731 1.953632 1.069531
v -2.621029 1.953831 1.130802
v -2.592864 1.953831 1.186076
v -2.549004 1.953831 1.229941
v -2.493726 1.953632 1.258104
v -2.432455 1.953446 1.267808
v -2.418542 1.916663 1.253899
v -2.479817 1.916884 1.244193
v -2.535091 1.916884 1.216030
v -2.578955 1.917063 1.172164
v -2.607116 1.916884 1.116890
v -2.616822 1.916884 1.055620
v -2.490804 1.933164 1.255180
v -2.546078 1.933321 1.227016
v -2.589938 1.933321 1.183150
v -2.618103 1.933164 1.127877
v -2.627808 1.933164 1.066605
v -2.429529 1.932907 1.264882
v -2.607944 1.913533 1.046736
v -2.598235 1.913533 1.108008
v -2.570078 1.913533 1.163281
v -2.526210 1.913533 1.207147
v -2.470937 1.913533 1.235311
v -2.409661 1.913347 1.245015
v -2.604545 1.899372 1.043343
v -2.594840 1.899487 1.104613
v -2.566679 1.899487 1.159888
v -2.522810 1.899487 1.203752
v -2.467537 1.899372 1.231916
v -2.406266 1.899186 1.241620
v -2.540217 1.762543 1.005562
v -2.531415 1.762455 1.061707
v -2.505577 1.762593 1.112543
v -2.465246 1.762607 1.152853
v -2.414393 1.762432 1.178719
v -2.360626 1.762690 1.187158
v -2.367575 1.791395 1.184569
v -2.376420 1.822901 1.189544
v -2.385992 1.853385 1.200831
v -2.395614 1.878669 1.217694
v -2.419958 1.792197 1.176231
v -2.428811 1.823504 1.181073
v -2.439743 1.853727 1.191879
v -2.451897 1.878206 1.207823
v -2.468326 1.792991 1.151959
v -2.476237 1.824209 1.157166
v -2.487657 1.853599 1.167151
v -2.501720 1.877367 1.181173
v -2.506642 1.793432 1.113852
v -2.513890 1.824521 1.119707
v -2.525863 1.853709 1.129003
v -2.541645 1.877250 1.141021
v -2.530993 1.792687 1.065546
v -2.537804 1.823961 1.072221
v -2.550258 1.853447 1.080793
v -2.567460 1.877337 1.090614
v -2.539697 1.792365 1.011286
v -2.546736 1.823572 1.018443
v -2.559786 1.853666 1.026219
v -2.577946 1.878145 1.034051
v -2.521462 1.742877 1.000513
v -2.348575 1.742727 1.175269
v -2.400386 1.742652 1.167088
v -2.449294 1.742986 1.142271
v -2.488075 1.743040 1.103537
v -2.512912 1.742880 1.054663
v -2.490654 1.743652 0.752769
v -2.497146 1.742754 0.919082
v -2.493344 1.742802 1.027140
v -2.482807 1.742817 1.073016
v -2.459461 1.742809 1.111624
v -2.422285 1.742705 1.135796
v -2.375084 1.742586 1.145664
v -2.267010 1.742677 1.149412
v -2.100650 1.743652 1.142847
v -2.521470 1.743515 0.795995
v -2.213838 1.742943 1.175269
v -2.282189 0.000000 1.000906
v -2.348745 0.000000 0.934354
v -2.343007 0.000000 1.006837
v -2.354672 0.000000 0.995170
v -2.355772 0.000000 0.968093
v -2.315930 0.000000 1.007937
v -2.313706 0.935499 1.106835
v -2.340380 1.080294 1.151999
v -2.340558 1.221529 1.179279
v -2.311667 1.364416 1.189910
v -2.257427 1.493558 1.184047
v -2.182590 1.620056 1.165847
v -2.515124 1.620056 0.839892
v -2.533379 1.493558 0.915843
v -2.537867 1.364416 0.965410
v -2.527137 1.221529 0.992812
v -2.499665 1.080294 0.992546
v -2.454291 0.935499 0.965645
v -2.534491 1.620056 0.988116
v -2.564183 1.493558 1.047398
v -2.575414 1.364416 1.082662
v -2.566647 1.221529 1.094291
v -2.537236 1.080294 1.079898
v -2.486257 0.935499 1.040601
v -2.493222 0.935499 1.107724
v -2.546172 1.080294 1.155402
v -2.575718 1.221529 1.176984
v -2.583388 1.364416 1.172628
v -2.569676 1.493558 1.143693
v -2.536116 1.620056 1.090830
v -2.438181 1.620056 1.187969
v -2.491191 1.493558 1.221682
v -2.520456 1.364416 1.235560
v -2.524822 1.221529 1.227877
v -2.503365 1.080294 1.198465
v -2.455785 0.935499 1.145613
v -2.334508 1.620056 1.185875
v -2.393760 1.493558 1.215607
v -2.430326 1.364416 1.227524
v -2.442132 1.221529 1.218804
v -2.427821 1.080294 1.189577
v -2.388729 0.935499 1.138800
v -2.513847 1.620056 1.166010
v -2.556315 1.493558 1.208477
v -2.575722 1.364416 1.227883
v -2.572681 1.221530 1.224842
v -2.546370 1.080294 1.198529
v -2.495458 0.935499 1.147622
v -2.353524 0.000000 1.005381
v -2.243226 0.150455 0.973759
v -2.216114 0.308133 0.958002
v -2.208795 0.466880 0.961999
v -2.227002 0.623977 0.991760
v -2.267081 0.779129 1.044300
v -2.321597 0.150452 0.895390
v -2.305838 0.308133 0.868276
v -2.309837 0.466880 0.860958
v -2.339595 0.623977 0.879166
v -2.392136 0.779129 0.919245
v -2.329003 0.150485 0.932511
v -2.314364 0.308133 0.908912
v -2.321281 0.466880 0.906676
v -2.356427 0.623977 0.932262
v -2.416799 0.779129 0.982512
v -2.331117 0.150469 0.967622
v -2.316620 0.308133 0.948689
v -2.322926 0.466880 0.950476
v -2.358809 0.623978 0.981940
v -2.421744 0.779129 1.040757
v -2.423700 0.779129 1.075879
v -2.360481 0.623978 1.012677
v -2.323947 0.466880 0.976141
v -2.316170 0.308133 0.968309
v -2.329594 0.150487 0.981620
v -2.315058 0.150470 0.982960
v -2.296038 0.308133 0.968393
v -2.297947 0.466880 0.974798
v -2.329638 0.623977 1.010865
v -2.388606 0.779129 1.073919
v -2.280386 0.150489 0.981199
v -2.256800 0.308133 0.966561
v -2.254552 0.466880 0.973472
v -2.280114 0.623977 1.008599
v -2.330352 0.779129 1.068962
v -2.481123 1.620056 1.183613
v -2.528481 1.493558 1.220975
v -2.552277 1.364416 1.236962
v -2.552545 1.221529 1.231017
v -2.528481 1.080294 1.202728
v -2.479159 0.935499 1.150443
v -2.409413 0.779129 1.078190
v -2.347932 0.623977 1.014560
v -2.308315 0.466880 0.975333
v -2.304983 0.308133 0.968356
v -2.318694 0.150478 0.982623
v -2.345641 0.000000 1.006473
v -2.531068 1.620056 1.132210
v -2.568572 1.493558 1.179663
v -2.584520 1.364416 1.203341
v -2.578691 1.221529 1.203736
v -2.550423 1.080294 1.179751
v -2.498108 0.935499 1.130460
v -2.425956 0.779129 1.060922
v -2.362389 0.623977 0.999625
v -2.323371 0.466880 0.961633
v -2.316431 0.308133 0.956866
v -2.330703 0.150477 0.971456
v -2.354356 0.000000 0.997966
v -2.182716 1.743652 0.835786
v -2.243928 1.620056 0.898788
v -2.298661 1.493558 0.953991
v -2.336393 1.364416 0.990002
v -2.354727 1.221529 1.007568
v -2.350054 1.080294 1.002868
v -2.323403 0.935499 0.976139
v -2.279140 0.779129 0.931717
v -2.242887 0.623977 0.895376
v -2.229076 0.466880 0.881484
v -2.241018 0.308133 0.893343
v -2.272665 0.150454 0.924909
v -2.315464 0.000000 0.967631
v 2.418542 1.989761 1.253899
v 2.479817 1.989982 1.244193
v 2.535091 1.989982 1.216030
v 2.578955 1.989982 1.172164
v 2.607116 1.989982 1.116890
v 2.616822 1.989982 1.055620
v 2.490804 1.974150 1.255180
v 2.546078 1.974150 1.227016
v 2.589938 1.974150 1.183150
v 2.618103 1.974150 1.127877
v 2.627808 1.974079 1.066605
v 2.429529 1.974079 1.264882
v 2.607944 1.992841 1.046736
v 2.598235 1.993064 1.108008
v 2.570078 1.993064 1.163281
v 2.526210 1.993064 1.207147
v 2.470937 1.992841 1.235311
v 2.409661 1.992620 1.245015
v 2.604545 2.004122 1.043343
v 2.594840 2.004122 1.104613
v 2.566679 2.004275 1.159888
v 2.522810 2.004122 1.203752
v 2.467537 2.004122 1.231916
v 2.406266 2.003937 1.241620
v 2.582887 2.022798 1.030382
v 2.573489 2.022868 1.089921
v 2.546180 2.022705 1.143662
v 2.503534 2.022760 1.186250
v 2.449755 2.023027 1.213536
v 2.392787 2.022952 1.222531
v 2.590167 2.009419 1.035281
v 2.580403 2.009650 1.095020
v 2.552865 2.009606 1.148960
v 2.510041 2.009630 1.191800
v 2.456207 2.009433 1.219389
v 2.396501 2.009463 1.229089
v 2.630731 1.953632 1.069531
v 2.621029 1.953831 1.130802
v 2.592864 1.953831 1.186076
v 2.549004 1.953831 1.229941
v 2.493726 1.953632 1.258104
v 2.432455 1.953446 1.267808
v 2.418542 1.916663 1.253899
v 2.479817 1.916884 1.244193
v 2.535091 1.916884 1.216030
v 2.578955 1.917063 1.172164
v 2.607116 1.916884 1.116890
v 2.616822 1.916884 1.055620
v 2.490804 1.933164 1.255180
v 2.546078 1.933321 1.227016
v 2.589938 1.933321 1.183150
v 2.618103 1.933164 1.127877
v 2.627808 1.933164 1.066605
v 2.429529 1.932907 1.264882
v 2.607944 1.913533 1.046736
v 2.598235 1.913533 1.108008
v 2.570078 1.913533 1.163281
v 2.526210 1.913533 1.207147
v 2.470937 1.913533 1.235311
v 2.409661 1.913347 1.245015
v 2.604545 1.899372 1.043343
v 2.594840 1.899487 1.104613
v 2.566679 1.899487 1.159888
v 2.522810 1.899487 1.203752
v 2.467537 1.899372 1.231916
v 2.406266 1.899186 1.241620
v 2.540217 1.762543 1.005562
v 2.531415 1.762455 1.061707
v 2.505577 1.762593 1.112543
v 2.465246 1.762607 1.152853
v 2.414393 1.762432 1.178719
v 2.360626 1.762690 1.187158
v 2.367575 1.791395 1.184569
v 2.376420 1.822901 1.189544
v 2.385992 1.853385 1.200831
v 2.395614 1.878669 1.217694
v 2.419958 1.792197 1.176231
v 2.428811 1.823504 1.181073
v 2.439743 1.853727 1.191879
v 2.451897 1.878206 1.207823
v 2.468326 1.792991 1.151959
v 2.476237 1.824209 1.157166
v 2.487657 1.853599 1.167151
v 2.501720 1.877367 1.181173
v 2.506642 1.793432 1.113852
v 2.513890 1.824521 1.119707
v 2.525863 1.853709 1.129003
v 2.541645 1.877250 1.141021
v 2.530993 1.792687 1.065546
v 2.537804 1.823961 1.072221
v 2.550258 1.853447 1.080793
v 2.567460 1.877337 1.090614
v 2.539697 1.792365 1.011286
v 2.546736 1.823572 1.018443
v 2.559786 1.853666 1.026219
v 2.577946 1.878145 1.034051
v 2.521462 1.742877 1.000513
v 2.348575 1.742727 1.175269
v 2.400386 1.742652 1.167088
v 2.449294 1.742986 1.142271
v 2.488075 1.743040 1.103537
v 2.512912 1.742880 1.054663
v 2.490654 1.743652 0.752769
v 2.497146 1.742754 0.919082
v 2.493344 1.742802 1.027140
v 2.482807 1.742817 1.073016
v 2.459461 1.742809 1.111624
v 2.422285 1.742705 1.135796
v 2.375084 1.742586 1.145664
v 2.267010 1.742677 1.149412
v 2.100650 1.743652 1.142847
v 2.521470 1.743515 0.795995
v 2.213838 1.742943 1.175269
v 2.182716 1.743652 0.835786
v -2.418542 1.989761 -1.253899
v -2.479817 1.989981 -1.244193
v -2.535091 1.989981 -1.216030
v -2.578955 1.989981 -1.172164
v -2.607116 1.989981 -1.116890
v -2.616822 1.989981 -1.055621
v -2.490804 1.974150 -1.255180
v -2.546078 1.974150 -1.227017
v -2.589938 1.974150 -1.183150
v -2.618103 1.974150 -1.127877
v -2.627808 1.974079 -1.066605
v -2.429529 1.974079 -1.264882
v -2.607944 1.992841 -1.046736
v -2.598235 1.993063 -1.108008
v -2.570078 1.993063 -1.163281
v -2.526210 1.993063 -1.207148
v -2.470937 1.992841 -1.235311
v -2.409661 1.992620 -1.245016
v -2.604545 2.004122 -1.043344
v -2.594840 2.004122 -1.104613
v -2.566679 2.004275 -1.159889
v -2.522810 2.004122 -1.203753
v -2.467537 2.004122 -1.231916
v -2.406266 2.003937 -1.241621
v -2.582887 2.022798 -1.030382
v -2.573489 2.022868 -1.089921
v -2.546180 2.022705 -1.143663
v -2.503534 2.022760 -1.186250
v -2.449755 2.023027 -1.213536
v -2.392787 2.022952 -1.222532
v -2.590167 2.009419 -1.035282
v -2.580403 2.009650 -1.095020
v -2.552865 2.009606 -1.148961
v -2.510041 2.009630 -1.191800
v -2.456207 2.009433 -1.219389
v -2.396501 2.009463 -1.229089
v -2.630731 1.953631 -1.069532
v -2.621029 1.953831 -1.130802
v -2.592864 1.953831 -1.186076
v -2.549004 1.953831 -1.229942
v -2.493726 1.953631 -1.258104
v -2.432455 1.953446 -1.267809
v -2.418542 1.916662 -1.253899
v -2.479817 1.916884 -1.244193
v -2.535091 1.916884 -1.216030
v -2.578955 1.917063 -1.172164
v -2.607116 1.916884 -1.116890
v -2.616822 1.916884 -1.055621
v -2.490804 1.933164 -1.255180
v -2.546078 1.933321 -1.227017
v -2.589938 1.933321 -1.183150
v -2.618103 1.933164 -1.127877
v -2.627808 1.933164 -1.066605
v -2.429529 1.932907 -1.264882
v -2.607944 1.913533 -1.046736
v -2.598235 1.913533 -1.108008
v -2.570078 1.913533 -1.163281
v -2.526210 1.913533 -1.207148
v -2.470937 1.913533 -1.235311
v -2.409661 1.913347 -1.245016
v -2.604545 1.899372 -1.043344
v -2.594840 1.899487 -1.104613
v -2.566679 1.899487 -1.159889
v -2.522810 1.899487 -1.203753
v -2.467537 1.899372 -1.231916
v -2.406266 1.899186 -1.241621
v -2.540217 1.762543 -1.005563
v -2.531415 1.762455 -1.061707
v -2.505577 1.762593 -1.112543
v -2.465246 1.762607 -1.152854
v -2.414393 1.762431 -1.178719
v -2.360626 1.762690 -1.187158
v -2.367575 1.791395 -1.184569
v -2.376420 1.822900 -1.189545
v -2.385992 1.853385 -1.200831
v -2.395614 1.878669 -1.217694
v -2.419958 1.792197 -1.176231
v -2.428811 1.823504 -1.181073
v -2.439743 1.853727 -1.191879
v -2.451897 1.878206 -1.207824
v -2.468326 1.792990 -1.151959
v -2.476237 1.824209 -1.157166
v -2.487657 1.853599 -1.167151
v -2.501720 1.877366 -1.181173
v -2.506642 1.793432 -1.113852
v -2.513890 1.824521 -1.119708
v -2.525863 1.853709 -1.129004
v -2.541645 1.877250 -1.141021
v -2.530993 1.792687 -1.065546
v -2.537804 1.823961 -1.072222
v -2.550258 1.853446 -1.080793
v -2.567460 1.877337 -1.090614
v -2.539697 1.792365 -1.011286
v -2.546736 1.823571 -1.018443
v -2.559786 1.853666 -1.026220
v -2.577946 1.878145 -1.034052
v -2.521462 1.742877 -1.000513
v -2.348575 1.742726 -1.175269
v -2.400386 1.742652 -1.167088
v -2.449294 1.742986 -1.142272
v -2.488075 1.743040 -1.103538
v -2.512912 1.742880 -1.054663
v -2.490654 1.743652 -0.752769
v -2.497146 1.742754 -0.919083
v -2.493344 1.742802 -1.027140
v -2.482807 1.742817 -1.073016
v -2.459461 1.742809 -1.111624
v -2.422285 1.742704 -1.135796
v -2.375084 1.742586 -1.145664
v -2.267010 1.742677 -1.149412
v -2.100650 1.743652 -1.142848
v -2.521470 1.743515 -0.795995
v -2.213838 1.742943 -1.175269
v -2.182716 1.743652 -0.835787
v 2.418542 1.989761 -1.253899
v 2.479817 1.989981 -1.244193
v 2.535091 1.989981 -1.216030
v 2.578955 1.989981 -1.172164
v 2.607116 1.989981 -1.116890
v 2.616822 1.989981 -1.055621
v 2.490804 1.974150 -1.255180
v 2.546078 1.974150 -1.227017
v 2.589938 1.974150 -1.183150
v 2.618103 1.974150 -1.127877
v 2.627808 1.974079 -1.066605
v 2.429529 1.974079 -1.264882
v 2.607944 1.992841 -1.046736
v 2.598235 1.993063 -1.108008
v 2.570078 1.993063 -1.163281
v 2.526210 1.993063 -1.207148
v 2.470937 1.992841 -1.235311
v 2.409661 1.992620 -1.245016
v 2.604545 2.004122 -1.043344
v 2.594840 2.004122 -1.104613
v 2.566679 2.004275 -1.159889
v 2.522810 2.004122 -1.203753
v 2.467537 2.004122 -1.231916
v 2.406266 2.003937 -1.241621
v 2.582887 2.022798 -1.030382
v 2.573489 2.022868 -1.089921
v 2.546180 2.022705 -1.143663
v 2.503534 2.022760 -1.186250
v 2.449755 2.023027 -1.213536
v 2.392787 2.022952 -1.222532
v 2.590167 2.009419 -1.035282
v 2.580403 2.009650 -1.095020
v 2.552865 2.009606 -1.148961
v 2.510041 2.009630 -1.191800
v 2.456207 2.009433 -1.219389
v 2.396501 2.009463 -1.229089
v 2.630731 1.953631 -1.069532
v 2.621029 1.953831 -1.130802
v 2.592864 1.953831 -1.186076
v 2.549004 1.953831 -1.229942
v 2.493726 1.953631 -1.258104
v 2.432455 1.953446 -1.267809
v 2.418542 1.916662 -1.253899
v 2.479817 1.916884 -1.244193
v 2.535091 1.916884 -1.216030
v 2.578955 1.917063 -1.172164
v 2.607116 1.916884 -1.116890
v 2.616822 1.916884 -1.055621
v 2.490804 1.933164 -1.255180
v 2.546078 1.933321 -1.227017
v 2.589938 1.933321 -1.183150
v 2.618103 1.933164 -1.127877
v 2.627808 1.933164 -1.066605
v 2.429529 1.932907 -1.264882
v 2.607944 1.913533 -1.046736
v 2.598235 1.913533 -1.108008
v 2.570078 1.913533 -1.163281
v 2.526210 1.913533 -1.207148
v 2.470937 1.913533 -1.235311
v 2.409661 1.913347 -1.245016
v 2.604545 1.899372 -1.043344
v 2.594840 1.899487 -1.104613
v 2.566679 1.899487 -1.159889
v 2.522810 1.899487 -1.203753
v 2.467537 1.899372 -1.231916
v 2.406266 1.899186 -1.241621
v 2.540217 1.762543 -1.005563
v 2.531415 1.762455 -1.061707
v 2.505577 1.762593 -1.112543
v 2.465246 1.762607 -1.152854
v 2.414393 1.762431 -1.178719
v 2.360626 1.762690 -1.187158
v 2.367575 1.791395 -1.184569
v 2.376420 1.822900 -1.189545
v 2.385992 1.853385 -1.200831
v 2.395614 1.878669 -1.217694
v 2.419958 1.792197 -1.176231
v 2.428811 1.823504 -1.181073
v 2.439743 1.853727 -1.191879
v 2.451897 1.878206 -1.207824
v 2.468326 1.792990 -1.151959
v 2.476237 1.824209 -1.157166
v 2.487657 1.853599 -1.167151
v 2.501720 1.877366 -1.181173
v 2.506642 1.793432 -1.113852
v 2.513890 1.824521 -1.119708
v 2.525863 1.853709 -1.129004
v 2.541645 1.877250 -1.141021
v 2.530993 1.792687 -1.065546
v 2.537804 1.823961 -1.072222
v 2.550258 1.853446 -1.080793
v 2.567460 1.877337 -1.090614
v 2.539697 1.792365 -1.011286
v 2.546736 1.823571 -1.018443
v 2.559786 1.853666 -1.026220
v 2.577946 1.878145 -1.034052
v 2.521462 1.742877 -1.000513
v 2.348575 1.742726 -1.175269
v 2.400386 1.742652 -1.167088
v 2.449294 1.742986 -1.142272
v 2.488075 1.743040 -1.103538
v 2.512912 1.742880 -1.054663
v 2.490654 1.743652 -0.752769
v 2.497146 1.742754 -0.919083
v 2.493344 1.742802 -1.027140
v 2.482807 1.742817 -1.073016
v 2.459461 1.742809 -1.111624
v 2.422285 1.742704 -1.135796
v 2.375084 1.742586 -1.145664
v 2.267010 1.742677 -1.149412
v 2.100650 1.743652 -1.142848
v 2.521470 1.743515 -0.795995
v 2.213838 1.742943 -1.175269
v 2.182716 1.743652 -0.835787
v 2.243928 1.620056 0.898788
v 2.515124 1.620056 0.839892
v 2.298661 1.493558 0.953991
v 2.533379 1.493558 0.915843
v 2.336393 1.364416 0.990002
v 2.537867 1.364416 0.965410
v 2.354727 1.221529 1.007568
v 2.527137 1.221529 0.992812
v 2.350054 1.080294 1.002868
v 2.499665 1.080294 0.992546
v 2.323403 0.935499 0.976139
v 2.454291 0.935499 0.965645
v 2.481123 1.620056 1.183613
v 2.438181 1.620056 1.187969
v 2.528481 1.493558 1.220975
v 2.491191 1.493558 1.221682
v 2.552277 1.364416 1.236962
v 2.520456 1.364416 1.235560
v 2.552545 1.221529 1.231017
v 2.524822 1.221529 1.227877
v 2.528481 1.080294 1.202728
v 2.503365 1.080294 1.198465
v 2.479159 0.935499 1.150443
v 2.455785 0.935499 1.145613
v 2.486257 0.935499 1.040601
v 2.537236 1.080294 1.079898
v 2.566647 1.221529 1.094291
v 2.575414 1.364416 1.082662
v 2.564183 1.493558 1.047398
v 2.534491 1.620056 0.988116
v 2.536116 1.620056 1.090830
v 2.569676 1.493558 1.143693
v 2.583388 1.364416 1.172628
v 2.575718 1.221529 1.176984
v 2.546172 1.080294 1.155402
v 2.493222 0.935499 1.107724
v 2.388729 0.935499 1.138800
v 2.427821 1.080294 1.189577
v 2.442132 1.221529 1.218804
v 2.430326 1.364416 1.227524
v 2.393760 1.493558 1.215607
v 2.334508 1.620056 1.185875
v 2.313706 0.935499 1.106835
v 2.340380 1.080294 1.151999
v 2.340558 1.221529 1.179279
v 2.311667 1.364416 1.189910
v 2.257427 1.493558 1.184047
v 2.182590 1.620056 1.165847
v 2.531068 1.620056 1.132210
v 2.513847 1.620056 1.166010
v 2.568572 1.493558 1.179663
v 2.556315 1.493558 1.208477
v 2.584520 1.364416 1.203341
v 2.575722 1.364416 1.227883
v 2.578691 1.221529 1.203736
v 2.572681 1.221530 1.224842
v 2.550423 1.080294 1.179751
v 2.546370 1.080294 1.198529
v 2.498108 0.935499 1.130460
v 2.495458 0.935499 1.147622
v 2.425956 0.779129 1.060922
v 2.362389 0.623977 0.999625
v 2.360481 0.623978 1.012677
v 2.423700 0.779129 1.075879
v 2.323371 0.466880 0.961633
v 2.323947 0.466880 0.976141
v 2.316431 0.308133 0.956866
v 2.316170 0.308133 0.968309
v 2.330703 0.150477 0.971456
v 2.329594 0.150487 0.981620
v 2.272665 0.150454 0.924909
v 2.315464 0.000000 0.967631
v 2.348745 0.000000 0.934354
v 2.321597 0.150452 0.895390
v 2.329003 0.150485 0.932511
v 2.355772 0.000000 0.968093
v 2.354672 0.000000 0.995170
v 2.331117 0.150469 0.967622
v 2.315058 0.150470 0.982960
v 2.318694 0.150478 0.982623
v 2.345641 0.000000 1.006473
v 2.343007 0.000000 1.006837
v 2.280386 0.150489 0.981199
v 2.315930 0.000000 1.007937
v 2.282189 0.000000 1.000906
v 2.243226 0.150455 0.973759
v 2.279140 0.779129 0.931717
v 2.392136 0.779129 0.919245
v 2.416799 0.779129 0.982512
v 2.421744 0.779129 1.040757
v 2.409413 0.779129 1.078190
v 2.388606 0.779129 1.073919
v 2.330352 0.779129 1.068962
v 2.267081 0.779129 1.044300
v 2.353524 0.000000 1.005381
v 2.354356 0.000000 0.997966
v 2.227002 0.623977 0.991760
v 2.280114 0.623977 1.008599
v 2.208795 0.466880 0.961999
v 2.254552 0.466880 0.973472
v 2.216114 0.308133 0.958002
v 2.256800 0.308133 0.966561
v 2.242887 0.623977 0.895376
v 2.339595 0.623977 0.879166
v 2.229076 0.466880 0.881484
v 2.309837 0.466880 0.860958
v 2.241018 0.308133 0.893343
v 2.305838 0.308133 0.868276
v 2.356427 0.623977 0.932262
v 2.321281 0.466880 0.906676
v 2.314364 0.308133 0.908912
v 2.358809 0.623978 0.981940
v 2.322926 0.466880 0.950476
v 2.316620 0.308133 0.948689
v 2.347932 0.623977 1.014560
v 2.329638 0.623977 1.010865
v 2.308315 0.466880 0.975333
v 2.297947 0.466880 0.974798
v 2.304983 0.308133 0.968356
v 2.296038 0.308133 0.968393
v -2.243928 1.620055 -0.898788
v -2.515124 1.620055 -0.839892
v -2.298661 1.493558 -0.953991
v -2.533379 1.493558 -0.915843
v -2.336393 1.364416 -0.990003
v -2.537867 1.364416 -0.965410
v -2.354727 1.221529 -1.007568
v -2.527137 1.221529 -0.992812
v -2.350054 1.080293 -1.002869
v -2.499665 1.080293 -0.992546
v -2.323403 0.935499 -0.976139
v -2.454291 0.935499 -0.965645
v -2.481123 1.620055 -1.183613
v -2.438181 1.620055 -1.187969
v -2.528481 1.493558 -1.220976
v -2.491191 1.493558 -1.221682
v -2.552277 1.364416 -1.236962
v -2.520456 1.364416 -1.235560
v -2.552545 1.221529 -1.231017
v -2.524822 1.221529 -1.227877
v -2.528481 1.080293 -1.202728
v -2.503365 1.080293 -1.198465
v -2.479159 0.935499 -1.150443
v -2.455785 0.935499 -1.145614
v -2.486257 0.935499 -1.040601
v -2.537236 1.080293 -1.079899
v -2.566647 1.221529 -1.094291
v -2.575414 1.364416 -1.082663
v -2.564183 1.493558 -1.047399
v -2.534491 1.620055 -0.988117
v -2.536116 1.620055 -1.090831
v -2.569676 1.493558 -1.143693
v -2.583388 1.364416 -1.172628
v -2.575718 1.221529 -1.176984
v -2.546172 1.080293 -1.155403
v -2.493222 0.935499 -1.107725
v -2.388729 0.935499 -1.138800
v -2.427821 1.080293 -1.189577
v -2.442132 1.221529 -1.218804
v -2.430326 1.364416 -1.227524
v -2.393760 1.493558 -1.215607
v -2.334508 1.620055 -1.185875
v -2.313706 0.935499 -1.106836
v -2.340380 1.080293 -1.152000
v -2.340558 1.221529 -1.179279
v -2.311667 1.364416 -1.189910
v -2.257427 1.493558 -1.184048
v -2.182590 1.620055 -1.165848
v -2.531068 1.620055 -1.132210
v -2.513847 1.620055 -1.166011
v -2.568572 1.493558 -1.179663
v -2.556315 1.493558 -1.208478
v -2.584520 1.364416 -1.203342
v -2.575722 1.364416 -1.227884
v -2.578691 1.221529 -1.203736
v -2.572681 1.221529 -1.224843
v -2.550423 1.080293 -1.179752
v -2.546370 1.080293 -1.198529
v -2.498108 0.935499 -1.130460
v -2.495458 0.935499 -1.147622
v -2.425956 0.779129 -1.060922
v -2.362389 0.623977 -0.999625
v -2.360481 0.623977 -1.012677
v -2.423700 0.779129 -1.075879
v -2.323371 0.466880 -0.961633
v -2.323947 0.466880 -0.976141
v -2.316431 0.308133 -0.956866
v -2.316170 0.308133 -0.968309
v -2.330703 0.150477 -0.971456
v -2.329594 0.150487 -0.981620
v -2.272665 0.150454 -0.924909
v -2.315464 -0.000000 -0.967631
v -2.348745 -0.000000 -0.934354
v -2.321597 0.150452 -0.895390
v -2.329003 0.150485 -0.932511
v -2.355772 -0.000000 -0.968093
v -2.354672 -0.000000 -0.995170
v -2.331117 0.150469 -0.967622
v -2.315058 0.150469 -0.982960
v -2.318694 0.150478 -0.982623
v -2.345641 -0.000000 -1.006473
v -2.343007 -0.000000 -1.006837
v -2.280386 0.150489 -0.981199
v -2.315930 -0.000000 -1.007937
v -2.282189 -0.000000 -1.000906
v -2.243226 0.150455 -0.973759
v -2.279140 0.779129 -0.931717
v -2.392136 0.779129 -0.919245
v -2.416799 0.779129 -0.982512
v -2.421744 0.779129 -1.040757
v -2.409413 0.779129 -1.078190
v -2.388606 0.779129 -1.073919
v -2.330352 0.779129 -1.068962
v -2.267081 0.779129 -1.044300
v -2.353524 -0.000000 -1.005381
v -2.354356 -0.000000 -0.997966
v -2.227002 0.623977 -0.991760
v -2.280114 0.623977 -1.008599
v -2.208795 0.466880 -0.962000
v -2.254552 0.466880 -0.973472
v -2.216114 0.308133 -0.958002
v -2.256800 0.308133 -0.966561
v -2.242887 0.623977 -0.895376
v -2.339595 0.623977 -0.879166
v -2.229076 0.466880 -0.881484
v -2.309837 0.466880 -0.860958
v -2.241018 0.308133 -0.893343
v -2.305838 0.308133 -0.868276
v -2.356427 0.623977 -0.932263
v -2.321281 0.466880 -0.906677
v -2.314364 0.308133 -0.908912
v -2.358809 0.623977 -0.981940
v -2.322926 0.466880 -0.950476
v -2.316620 0.308133 -0.948689
v -2.347932 0.623977 -1.014560
v -2.329638 0.623977 -1.010865
v -2.308315 0.466880 -0.975333
v -2.297947 0.466880 -0.974798
v -2.304983 0.308133 -0.968356
v -2.296038 0.308133 -0.968393
v 2.515124 1.620055 -0.839892
v 2.243928 1.620055 -0.898788
v 2.533379 1.493558 -0.915843
v 2.298661 1.493558 -0.953991
v 2.537867 1.364416 -0.965410
v 2.336393 1.364416 -0.990003
v 2.527137 1.221529 -0.992812
v 2.354727 1.221529 -1.007568
v 2.499665 1.080293 -0.992546
v 2.350054 1.080293 -1.002869
v 2.454291 0.935499 -0.965645
v 2.323403 0.935499 -0.976139
v 2.438181 1.620055 -1.187969
v 2.481123 1.620055 -1.183613
v 2.491191 1.493558 -1.221682
v 2.528481 1.493558 -1.220976
v 2.520456 1.364416 -1.235560
v 2.552277 1.364416 -1.236962
v 2.524822 1.221529 -1.227877
v 2.552545 1.221529 -1.231017
v 2.503365 1.080293 -1.198465
v 2.528481 1.080293 -1.202728
v 2.455785 0.935499 -1.145614
v 2.479159 0.935499 -1.150443
v 2.537236 1.080293 -1.079899
v 2.486257 0.935499 -1.040601
v 2.566647 1.221529 -1.094291
v 2.575414 1.364416 -1.082663
v 2.564183 1.493558 -1.047399
v 2.534491 1.620055 -0.988117
v 2.536116 1.620055 -1.090831
v 2.569676 1.493558 -1.143693
v 2.583388 1.364416 -1.172628
v 2.575718 1.221529 -1.176984
v 2.546172 1.080293 -1.155403
v 2.493222 0.935499 -1.107725
v 2.427821 1.080293 -1.189577
v 2.388729 0.935499 -1.138800
v 2.442132 1.221529 -1.218804
v 2.430326 1.364416 -1.227524
v 2.393760 1.493558 -1.215607
v 2.334508 1.620055 -1.185875
v 2.313706 0.935499 -1.106836
v 2.340380 1.080293 -1.152000
v 2.340558 1.221529 -1.179279
v 2.311667 1.364416 -1.189910
v 2.257427 1.493558 -1.184048
v 2.182590 1.620055 -1.165848
v 2.513847 1.620055 -1.166011
v 2.531068 1.620055 -1.132210
v 2.556315 1.493558 -1.208478
v 2.568572 1.493558 -1.179663
v 2.575722 1.364416 -1.227884
v 2.584520 1.364416 -1.203342
v 2.572681 1.221529 -1.224843
v 2.578691 1.221529 -1.203736
v 2.546370 1.080293 -1.198529
v 2.550423 1.080293 -1.179752
v 2.495458 0.935499 -1.147622
v 2.498108 0.935499 -1.130460
v 2.425956 0.779129 -1.060922
v 2.423700 0.779129 -1.075879
v 2.360481 0.623977 -1.012677
v 2.362389 0.623977 -0.999625
v 2.323947 0.466880 -0.976141
v 2.323371 0.466880 -0.961633
v 2.316170 0.308133 -0.968309
v 2.316431 0.308133 -0.956866
v 2.329594 0.150487 -0.981620
v 2.330703 0.150477 -0.971456
v 2.272665 0.150454 -0.924909
v 2.321597 0.150452 -0.895390
v 2.348745 -0.000000 -0.934354
v 2.315464 -0.000000 -0.967631
v 2.329003 0.150485 -0.932511
v 2.331117 0.150469 -0.967622
v 2.354672 -0.000000 -0.995170
v 2.355772 -0.000000 -0.968093
v 2.315058 0.150469 -0.982960
v 2.343007 -0.000000 -1.006837
v 2.345641 -0.000000 -1.006473
v 2.318694 0.150478 -0.982623
v 2.280386 0.150489 -0.981199
v 2.243226 0.150455 -0.973759
v 2.282189 -0.000000 -1.000906
v 2.315930 -0.000000 -1.007937
v 2.392136 0.779129 -0.919245
v 2.279140 0.779129 -0.931717
v 2.421744 0.779129 -1.040757
v 2.416799 0.779129 -0.982512
v 2.388606 0.779129 -1.073919
v 2.409413 0.779129 -1.078190
v 2.267081 0.779129 -1.044300
v 2.330352 0.779129 -1.068962
v 2.353524 -0.000000 -1.005381
v 2.354356 -0.000000 -0.997966
v 2.227002 0.623977 -0.991760
v 2.280114 0.623977 -1.008599
v 2.208795 0.466880 -0.962000
v 2.254552 0.466880 -0.973472
v 2.256800 0.308133 -0.966561
v 2.216114 0.308133 -0.958002
v 2.339595 0.623977 -0.879166
v 2.242887 0.623977 -0.895376
v 2.309837 0.466880 -0.860958
v 2.229076 0.466880 -0.881484
v 2.305838 0.308133 -0.868276
v 2.241018 0.308133 -0.893343
v 2.356427 0.623977 -0.932263
v 2.321281 0.466880 -0.906677
v 2.314364 0.308133 -0.908912
v 2.358809 0.623977 -0.981940
v 2.322926 0.466880 -0.950476
v 2.316620 0.308133 -0.948689
v 2.329638 0.623977 -1.010865
v 2.347932 0.623977 -1.014560
v 2.297947 0.466880 -0.974798
v 2.308315 0.466880 -0.975333
v 2.296038 0.308133 -0.968393
v 2.304983 0.308133 -0.968356
v -2.296232 2.022776 0.952920
v 2.296232 2.022776 0.952920
v -2.296232 2.022776 -0.952920
v 2.296232 2.022776 -0.952920
vn -0.7162 0.6764 0.1720
vn -0.3038 0.9527 0.0003
vn -0.7561 0.6545 -0.0017
vn -0.5805 0.8142 -0.0007
vn -0.3433 0.9392 -0.0020
vn -0.3432 0.9392 0.0020
vn -0.7661 -0.6427 0.0021
vn -0.3526 -0.9358 -0.0007
vn -0.3526 -0.9358 0.0007
vn -0.6987 -0.7154 0.0030
vn -0.8586 -0.5126 -0.0022
vn -0.8586 -0.5127 0.0033
vn -0.9138 -0.3958 0.0910
vn -0.9455 -0.3255 -0.0033
vn -0.9922 -0.1243 0.0024
vn -0.9999 0.0156 -0.0024
vn -0.9999 0.0155 0.0026
vn -0.9973 -0.0446 -0.0578
vn -0.7149 -0.6989 0.0226
vn -0.7125 -0.7017 -0.0000
vn 0.0001 -1.0000 -0.0044
vn -0.0000 -1.0000 -0.0000
vn -0.0001 -1.0000 -0.0044
vn -0.2605 0.9627 0.0727
vn -0.3039 0.9527 -0.0003
vn -0.5419 0.8367 0.0799
vn -0.1976 0.9704 0.1392
vn -0.4720 0.8457 0.2489
vn -0.1387 0.9706 0.1968
vn -0.0753 0.8405 0.5365
vn -0.3703 0.8411 0.3943
vn 0.1517 0.8742 0.4613
vn -0.0653 0.9670 0.2464
vn -0.9510 0.3090 0.0050
vn -0.8562 0.4299 0.2865
vn -0.7158 0.4621 0.5235
vn -0.5234 0.4617 0.7162
vn -0.0020 0.3065 0.9519
vn -0.2880 0.4250 0.8581
vn -1.0000 -0.0002 0.0055
vn -0.9482 0.0006 0.3177
vn -0.8073 -0.0001 0.5902
vn -0.5902 0.0006 0.8072
vn -0.0026 -0.0000 1.0000
vn -0.3174 -0.0002 0.9483
vn -0.9573 0.2890 0.0060
vn -0.8935 0.3574 0.2718
vn -0.9575 0.2883 0.0033
vn -0.8810 0.3633 0.3032
vn -0.7480 0.3897 0.5372
vn -0.7415 0.3904 0.5458
vn -0.5350 0.3933 0.7477
vn -0.3034 0.3577 0.8832
vn -0.5442 0.3946 0.7404
vn -0.0025 0.2878 0.9577
vn -0.2725 0.3516 0.8956
vn -0.8144 0.5237 0.2500
vn -0.8768 0.4808 0.0019
vn -0.5741 0.8018 0.1658
vn -0.2928 0.9504 0.1048
vn -0.6791 0.5456 0.4912
vn -0.4881 0.8130 0.3175
vn -0.2336 0.9571 0.1716
vn -0.3353 0.8229 0.4588
vn -0.4876 0.5336 0.6911
vn -0.1832 0.9528 0.2419
vn -0.1937 0.7902 0.5814
vn -0.2513 0.4823 0.8392
vn -0.1111 0.9468 0.3020
vn 0.0004 0.7700 0.6381
vn 0.0002 0.4408 0.8976
vn -0.0034 0.9140 0.4058
vn -0.2822 -0.9561 0.0789
vn -0.6050 -0.7744 0.1851
vn -0.2229 -0.9621 0.1573
vn -0.4863 -0.8008 0.3496
vn -0.3484 -0.8027 0.4840
vn -0.1507 -0.9652 0.2136
vn -0.1863 -0.7742 0.6049
vn -0.0805 -0.9566 0.2802
vn -0.0015 -0.6413 0.7673
vn -0.9513 -0.3082 0.0054
vn -0.8598 -0.4193 0.2915
vn -0.5240 -0.4544 0.7204
vn -0.0363 -0.2843 0.9580
vn -0.2920 -0.4182 0.8602
vn -0.7200 -0.4558 0.5233
vn -0.9721 -0.2344 0.0056
vn -0.9146 -0.2892 0.2825
vn -0.9047 -0.2934 0.3089
vn -0.7692 -0.3198 0.5533
vn -0.7634 -0.3203 0.5609
vn -0.5605 -0.3203 0.7637
vn -0.5528 -0.3196 0.7696
vn -0.3097 -0.2915 0.9050
vn -0.2832 -0.2873 0.9150
vn -0.0020 -0.2336 0.9723
vn -0.2105 -0.7234 0.6575
vn -0.0019 -0.7593 0.6507
vn -0.2025 -0.7968 0.5693
vn -0.0784 -0.6365 0.7673
vn -0.2691 -0.5194 0.8111
vn -0.0009 -0.4704 0.8825
vn -0.2955 -0.3266 0.8978
vn -0.0005 -0.2713 0.9625
vn -0.0095 -0.0174 0.9998
vn -0.2940 0.0245 0.9555
vn -0.0010 0.0892 0.9960
vn -0.3038 -0.1097 0.9464
vn -0.3864 -0.7450 0.5437
vn -0.3500 -0.8114 0.4680
vn -0.4924 -0.5505 0.6742
vn -0.5468 -0.3676 0.7522
vn -0.5786 -0.0331 0.8149
vn -0.5770 -0.1591 0.8011
vn -0.5278 -0.7518 0.3952
vn -0.4677 -0.8156 0.3407
vn -0.6706 -0.5597 0.4870
vn -0.7486 -0.3797 0.5435
vn -0.8092 -0.0514 0.5853
vn -0.7962 -0.1735 0.5796
vn -0.5565 -0.8086 0.1910
vn -0.6373 -0.7414 0.2100
vn -0.7973 -0.5429 0.2638
vn -0.8867 -0.3588 0.2916
vn -0.9393 -0.1498 0.3087
vn -0.6233 -0.7820 0.0039
vn -0.9542 -0.0256 0.2980
vn -0.7190 -0.6942 0.0345
vn -0.0159 -0.5215 0.8531
vn -0.2205 -0.6051 0.7650
vn -0.0408 -0.5292 0.8475
vn -0.2725 -0.6242 0.7322
vn -0.4222 -0.6713 0.6092
vn -0.4478 -0.6785 0.5824
vn -0.5694 -0.7045 0.4235
vn -0.5774 -0.7058 0.4105
vn -0.6704 -0.7103 0.2148
vn -0.6684 -0.7107 0.2194
vn 0.0005 -1.0000 0.0032
vn 0.0008 -1.0000 0.0044
vn -0.0018 -1.0000 0.0024
vn -0.0076 -1.0000 0.0047
vn -0.0087 -0.9999 0.0074
vn -0.0101 -0.9999 0.0084
vn -0.0090 -0.9999 0.0065
vn -0.0060 -1.0000 0.0049
vn -0.0035 -1.0000 0.0019
vn -0.0031 -1.0000 0.0007
vn -0.0054 -1.0000 -0.0006
vn -0.0136 -0.9999 -0.0031
vn 0.0046 -1.0000 -0.0021
vn -0.0000 -0.5156 0.8568
vn 0.0022 -1.0000 0.0053
vn 0.0020 -0.9998 -0.0185
vn 0.2015 -0.5139 -0.8338
vn 0.1868 -0.5713 -0.7992
vn 0.2211 -0.5276 -0.8202
vn 0.1667 -0.4178 -0.8931
vn 0.1645 -0.5494 -0.8192
vn 0.1324 -0.2459 -0.9602
vn 0.1346 -0.4425 -0.8866
vn 0.0932 -0.0741 -0.9929
vn 0.1081 -0.2698 -0.9568
vn 0.0740 0.0969 -0.9925
vn 0.0860 -0.0992 -0.9913
vn 0.0711 0.1186 -0.9904
vn 0.0742 0.2432 -0.9671
vn -0.2990 0.4539 0.8394
vn -0.1068 0.3646 0.9250
vn -0.1861 0.4049 0.8952
vn -0.2621 0.4067 0.8752
vn -0.0287 0.2250 0.9739
vn -0.2102 0.2445 0.9466
vn 0.0379 0.0382 0.9986
vn -0.1666 0.0339 0.9854
vn 0.1085 -0.1098 0.9880
vn -0.0462 -0.2503 0.9671
vn -0.0899 -0.1454 0.9853
vn -0.0016 -0.3541 0.9352
vn 0.1637 -0.2400 0.9569
vn -0.9016 -0.1938 -0.3867
vn -0.9244 -0.2883 -0.2498
vn -0.9412 -0.2201 -0.2564
vn -0.9271 -0.1316 -0.3510
vn -0.9624 -0.1224 -0.2427
vn -0.9771 -0.0294 -0.2106
vn -0.9567 -0.0700 -0.2825
vn -0.9832 0.0926 -0.1574
vn -0.9799 0.0423 -0.1950
vn -0.9834 0.1556 -0.0933
vn -0.9728 0.2262 -0.0505
vn -0.9850 0.1686 -0.0375
vn -0.9772 0.1987 -0.0752
vn -0.9495 0.3134 0.0154
vn -0.9647 0.2623 -0.0240
vn -0.9879 0.1417 -0.0628
vn -0.9957 0.0034 -0.0922
vn -0.9646 -0.2383 -0.1126
vn -0.9873 -0.1167 -0.1080
vn -0.9372 -0.3343 -0.0995
vn 0.0977 -0.3347 0.9372
vn 0.2560 -0.2194 0.9415
vn 0.1121 -0.2376 0.9649
vn 0.2427 -0.1220 0.9624
vn 0.1080 -0.1164 0.9873
vn 0.0926 0.0039 0.9957
vn 0.2101 -0.0285 0.9773
vn 0.0670 0.1426 0.9875
vn 0.1593 0.0934 0.9828
vn 0.0989 0.2088 0.9729
vn -0.0136 0.3077 0.9514
vn 0.0286 0.2595 0.9653
vn 0.3865 -0.1930 0.9018
vn 0.2367 -0.3080 0.9215
vn 0.3777 -0.2368 0.8951
vn 0.3500 -0.1315 0.9275
vn 0.2791 -0.0684 0.9578
vn 0.1925 0.0445 0.9803
vn 0.0944 0.1487 0.9844
vn 0.0517 0.2192 0.9743
vn -0.8734 0.4126 0.2588
vn -0.6160 0.5182 0.5933
vn -0.8364 0.4580 0.3011
vn -0.9463 0.2507 0.2040
vn -0.6362 0.4684 0.6130
vn -0.9864 0.0419 0.1588
vn -0.6902 0.3049 0.6563
vn -0.9872 -0.1362 0.0832
vn -0.7180 0.0742 0.6921
vn -0.6785 -0.3440 0.6491
vn -0.7109 -0.1499 0.6871
vn -0.9659 -0.2567 0.0354
vn -0.6313 -0.4901 0.6011
vn -0.9224 -0.3823 -0.0558
vn -0.6442 -0.4256 0.6355
vn -0.6130 -0.5285 0.5874
vn -0.9585 -0.2826 -0.0387
vn -0.6768 -0.2202 0.7024
vn -0.9901 -0.1303 -0.0520
vn -0.6913 0.0258 0.7221
vn -0.9849 0.1304 0.1142
vn -0.9995 0.0291 0.0111
vn 0.6357 -0.3129 -0.7057
vn 0.5062 -0.2696 -0.8192
vn 0.4679 -0.2778 -0.8390
vn -0.9863 0.1459 -0.0765
vn -0.9909 0.1224 -0.0564
vn -0.9855 0.1043 -0.1336
vn -0.0841 0.1246 0.9886
vn -0.1342 0.1785 0.9747
vn -0.0764 0.1183 0.9900
vn 0.1305 0.1061 0.9857
vn 0.2014 0.1248 0.9715
vn 0.1965 0.0866 0.9767
vn -0.9715 0.1250 -0.2013
vn -0.9768 0.0867 -0.1959
vn 0.0764 0.1469 0.9862
vn 0.0474 0.1243 0.9911
vn -0.0400 0.1638 0.9857
vn 0.0829 0.2575 -0.9627
vn 0.0965 0.2964 -0.9502
vn -0.9256 -0.3696 -0.0816
vn 0.1918 -0.3179 0.9285
vn 0.0550 -0.3815 0.9227
vn 0.1905 -0.3202 0.9280
vn 0.2176 -0.2962 0.9300
vn -0.9212 -0.3198 -0.2218
vn -0.8952 -0.2362 -0.3780
vn -0.9050 -0.2448 -0.3478
vn 0.0815 -0.3709 0.9251
vn -0.9340 -0.3569 -0.0130
vn -0.7016 0.1789 0.6898
vn -0.9787 0.1731 0.1100
vn -0.6800 0.2187 0.6998
vn 0.3477 -0.2455 0.9049
vn 0.1909 -0.2428 0.9511
vn 0.2933 -0.1966 0.9356
vn 0.1515 -0.1159 0.9816
vn 0.2439 -0.0969 0.9649
vn 0.1330 0.0107 0.9911
vn 0.2102 0.0024 0.9777
vn 0.1136 0.2867 -0.9513
vn 0.1474 0.2210 -0.9641
vn 0.1725 0.1979 -0.9649
vn 0.2422 0.0358 -0.9696
vn 0.3334 -0.1398 -0.9323
vn 0.2423 0.0159 -0.9701
vn 0.3687 -0.1302 -0.9204
vn -0.9511 -0.2423 -0.1916
vn -0.9356 -0.1966 -0.2933
vn -0.9813 -0.1154 -0.1540
vn -0.9778 0.0024 -0.2097
vn -0.9650 -0.0969 -0.2435
vn -0.9913 0.0114 -0.1313
vn -0.9528 -0.2994 -0.0502
vn -0.9898 -0.1373 -0.0380
vn -0.9983 0.0190 -0.0549
vn 0.0323 -0.2818 0.9589
vn 0.0625 -0.1286 0.9897
vn 0.1932 -0.2466 0.9497
vn 0.0068 0.0282 0.9996
vn 0.0622 -0.1385 0.9884
vn 0.0016 0.0094 1.0000
vn 0.0485 -0.3004 0.9526
vn 0.0317 -0.1384 0.9899
vn 0.0453 0.0196 0.9988
vn -0.1339 0.1765 0.9752
vn -0.9194 0.3728 0.1252
vn -0.8869 0.4147 0.2036
vn -0.9727 0.2285 0.0409
vn -0.9988 0.0389 -0.0304
vn -0.9883 -0.1097 -0.1064
vn -0.9562 -0.2393 -0.1684
vn -0.9280 -0.3147 -0.1993
vn -0.9279 -0.3183 -0.1938
vn -0.9499 -0.2456 -0.1934
vn -0.9889 -0.1395 -0.0512
vn -0.9879 0.1217 0.0964
vn -0.9998 0.0089 0.0158
vn -0.9787 0.1733 0.1104
vn -0.9507 0.3099 -0.0059
vn -0.9573 0.2889 -0.0057
vn -0.7304 -0.6609 -0.1723
vn -0.9527 -0.2832 -0.1104
vn -0.7406 -0.6709 -0.0375
vn 0.0010 -1.0000 0.0002
vn 0.0010 -1.0000 -0.0002
vn 0.8369 -0.5066 -0.2072
vn 0.8101 -0.5527 -0.1956
vn 0.8259 -0.5353 -0.1772
vn 0.8896 -0.4201 -0.1794
vn 0.8815 -0.4496 -0.1445
vn 0.9560 -0.2585 -0.1385
vn 0.9511 -0.2895 -0.1080
vn 0.9927 -0.0782 -0.0913
vn 0.9930 0.0953 -0.0703
vn 0.9909 -0.1056 -0.0831
vn 0.9679 0.2417 -0.0690
vn 0.9908 0.1174 -0.0666
vn 0.9509 0.2954 -0.0928
vn 0.9634 0.2566 -0.0777
vn 0.9646 0.2203 -0.1447
vn 0.9520 0.2856 -0.1106
vn 0.9701 0.0354 -0.2402
vn 0.9655 0.1972 -0.1700
vn 0.9328 -0.1400 -0.3321
vn 0.9706 0.0155 -0.2402
vn 0.9208 -0.1304 -0.3675
vn 0.8392 -0.2779 -0.4674
vn 0.7057 -0.3129 -0.6357
vn 0.8194 -0.2697 -0.5059
vn 0.6753 -0.2967 -0.6753
vn 0.4654 0.8726 -0.1482
vn 0.2605 0.9627 0.0727
vn 0.5937 0.7842 0.1803
vn 0.1975 0.9704 0.1394
vn 0.4721 0.8141 0.3383
vn 0.1387 0.9706 0.1968
vn 0.3387 0.8136 0.4725
vn 0.1773 0.7883 0.5891
vn 0.0653 0.9670 0.2464
vn 0.0014 0.6568 0.7541
vn 0.9509 0.3096 0.0055
vn 0.8573 0.4261 0.2889
vn 0.7142 0.4551 0.5318
vn 0.0374 0.2876 0.9570
vn 0.2877 0.4243 0.8586
vn 1.0000 -0.0002 0.0053
vn 0.9486 0.0012 0.3166
vn 0.5903 0.0006 0.8071
vn 0.5318 0.4535 0.7152
vn 0.0066 -0.0271 0.9996
vn 0.3174 -0.0002 0.9483
vn 0.9573 0.2890 0.0060
vn 0.8934 0.3575 0.2720
vn 0.8810 0.3633 0.3031
vn 0.7480 0.3897 0.5372
vn 0.7412 0.3904 0.5460
vn 0.5350 0.3933 0.7477
vn 0.5442 0.3946 0.7404
vn 0.3033 0.3577 0.8832
vn 0.2726 0.3516 0.8956
vn 0.0022 0.2877 0.9577
vn 0.8143 0.5237 0.2502
vn 0.5809 0.8140 0.0005
vn 0.8768 0.4808 0.0018
vn 0.5540 0.8135 0.1769
vn 0.3433 0.9392 0.0020
vn 0.6791 0.5456 0.4912
vn 0.4533 0.8322 0.3191
vn 0.2928 0.9504 0.1048
vn 0.3353 0.8229 0.4588
vn 0.1832 0.9528 0.2419
vn 0.4876 0.5336 0.6911
vn 0.1937 0.7902 0.5814
vn 0.1111 0.9468 0.3020
vn 0.2513 0.4823 0.8392
vn -0.0004 0.7700 0.6381
vn 0.0033 0.9139 0.4058
vn 0.7678 -0.6393 0.0436
vn 0.2822 -0.9561 0.0789
vn 0.3526 -0.9358 0.0007
vn 0.5549 -0.8273 0.0869
vn 0.2228 -0.9621 0.1574
vn 0.2591 -0.8356 0.4844
vn 0.4778 -0.8412 0.2532
vn 0.0867 -0.8275 0.5547
vn 0.1507 -0.9652 0.2136
vn -0.1402 -0.8635 0.4844
vn 0.0805 -0.9566 0.2802
vn 0.9513 -0.3082 0.0054
vn 0.8586 -0.4236 0.2887
vn 0.7182 -0.4560 0.5256
vn 0.5266 -0.4546 0.7184
vn 0.0027 -0.3054 0.9522
vn 0.2921 -0.4196 0.8594
vn 0.8067 0.0009 0.5910
vn 0.9722 -0.2343 0.0053
vn 0.9146 -0.2892 0.2825
vn 0.9723 -0.2338 0.0035
vn 0.9047 -0.2934 0.3089
vn 0.7695 -0.3198 0.5529
vn 0.5605 -0.3203 0.7637
vn 0.7638 -0.3202 0.5605
vn 0.3096 -0.2915 0.9051
vn 0.5528 -0.3196 0.7696
vn 0.0024 -0.2337 0.9723
vn 0.2833 -0.2874 0.9150
vn 0.2294 -0.7175 0.6577
vn 0.0020 -0.7594 0.6507
vn 0.0011 -0.6853 0.7283
vn 0.2671 -0.5203 0.8111
vn 0.0009 -0.4704 0.8825
vn 0.2966 -0.3252 0.8979
vn 0.0005 -0.2713 0.9625
vn 0.0610 -0.1297 0.9897
vn 0.2940 0.0245 0.9555
vn 0.3091 -0.1100 0.9446
vn 0.4091 -0.7395 0.5345
vn 0.2025 -0.7968 0.5693
vn 0.4906 -0.5515 0.6746
vn 0.5475 -0.3670 0.7520
vn 0.5786 -0.0331 0.8149
vn 0.5790 -0.1597 0.7995
vn 0.5467 -0.7473 0.3777
vn 0.3501 -0.8114 0.4680
vn 0.6691 -0.5606 0.4880
vn 0.7490 -0.3793 0.5433
vn 0.8092 -0.0514 0.5853
vn 0.7968 -0.1750 0.5784
vn 0.5565 -0.8086 0.1910
vn 0.6373 -0.7414 0.2100
vn 0.7958 -0.5436 0.2668
vn 0.9398 -0.1509 0.3066
vn 0.8873 -0.3568 0.2923
vn 0.6233 -0.7820 0.0039
vn 0.6992 -0.7149 0.0029
vn 0.8875 -0.4558 0.0677
vn 0.9542 -0.0256 0.2979
vn 0.9924 -0.1231 0.0023
vn 0.9644 -0.2559 0.0665
vn 0.7149 -0.6989 0.0226
vn 0.7190 -0.6942 0.0345
vn 0.7125 -0.7017 -0.0000
vn 0.0161 -0.5216 0.8530
vn 0.2205 -0.6051 0.7650
vn 0.2725 -0.6242 0.7322
vn 0.4222 -0.6713 0.6091
vn 0.4478 -0.6785 0.5824
vn 0.5694 -0.7045 0.4236
vn 0.5774 -0.7058 0.4105
vn 0.6703 -0.7103 0.2149
vn 0.6684 -0.7107 0.2194
vn -0.0008 -1.0000 0.0044
vn -0.0006 -1.0000 0.0032
vn 0.0017 -1.0000 0.0024
vn 0.0075 -1.0000 0.0044
vn 0.0087 -0.9999 0.0074
vn 0.0101 -0.9999 0.0084
vn 0.0090 -0.9999 0.0065
vn 0.0060 -1.0000 0.0049
vn 0.0035 -1.0000 0.0019
vn 0.0031 -1.0000 0.0007
vn 0.0054 -1.0000 -0.0006
vn 0.0136 -0.9999 -0.0031
vn -0.0046 -1.0000 -0.0021
vn -0.0010 -1.0000 -0.0002
vn 0.0408 -0.5292 0.8475
vn -0.0020 -0.9998 -0.0185
vn -0.0022 -1.0000 0.0053
vn -0.0013 0.2875 0.9578
vn -0.0002 0.9520 0.3061
vn 0.0002 -0.9371 0.3490
vn -0.0002 -0.9371 0.3490
vn 0.0014 -0.2334 0.9724
vn -0.0015 -0.2335 0.9724
vn -0.0010 -1.0000 0.0002
vn 0.0001 -1.0000 0.0044
vn -0.0001 -1.0000 0.0044
vn -0.2605 0.9627 -0.0727
vn -0.5937 0.7842 -0.1803
vn -0.1975 0.9704 -0.1394
vn -0.4721 0.8141 -0.3383
vn -0.1387 0.9706 -0.1968
vn -0.3387 0.8136 -0.4725
vn -0.1773 0.7883 -0.5891
vn -0.0653 0.9670 -0.2464
vn -0.0014 0.6568 -0.7541
vn -0.8573 0.4261 -0.2889
vn -0.7142 0.4551 -0.5318
vn -0.0372 0.2871 -0.9572
vn -0.2877 0.4243 -0.8586
vn -0.9867 0.0207 -0.1612
vn -0.9486 0.0012 -0.3166
vn -0.5903 0.0006 -0.8071
vn -0.5318 0.4535 -0.7152
vn -0.0068 -0.0270 -0.9996
vn -0.3174 -0.0002 -0.9483
vn -0.8935 0.3575 -0.2719
vn -0.8810 0.3633 -0.3032
vn -0.7480 0.3897 -0.5373
vn -0.7411 0.3904 -0.5462
vn -0.5354 0.3933 -0.7474
vn -0.5438 0.3946 -0.7407
vn -0.3033 0.3577 -0.8832
vn -0.2725 0.3516 -0.8956
vn -0.0025 0.2878 -0.9577
vn -0.8144 0.5237 -0.2501
vn -0.6771 0.7302 -0.0907
vn -0.8768 0.4808 -0.0018
vn -0.5540 0.8135 -0.1769
vn -0.6791 0.5456 -0.4912
vn -0.4533 0.8322 -0.3191
vn -0.2928 0.9504 -0.1048
vn -0.3353 0.8229 -0.4588
vn -0.1832 0.9528 -0.2419
vn -0.4876 0.5336 -0.6911
vn -0.1937 0.7902 -0.5814
vn -0.1111 0.9468 -0.3020
vn -0.2513 0.4823 -0.8392
vn 0.0004 0.7700 -0.6381
vn -0.0034 0.9140 -0.4058
vn -0.2822 -0.9561 -0.0789
vn -0.5549 -0.8273 -0.0869
vn -0.2228 -0.9621 -0.1574
vn -0.2591 -0.8356 -0.4844
vn -0.4778 -0.8412 -0.2532
vn -0.0867 -0.8275 -0.5547
vn -0.1507 -0.9652 -0.2136
vn 0.1401 -0.8635 -0.4844
vn -0.0805 -0.9566 -0.2802
vn -0.8586 -0.4236 -0.2887
vn -0.7182 -0.4560 -0.5256
vn -0.5266 -0.4546 -0.7184
vn -0.0027 -0.3054 -0.9522
vn -0.2921 -0.4196 -0.8594
vn -0.8067 0.0009 -0.5910
vn -0.9722 -0.2343 -0.0053
vn -0.9146 -0.2892 -0.2825
vn -0.9723 -0.2338 -0.0035
vn -0.9048 -0.2934 -0.3087
vn -0.7691 -0.3198 -0.5534
vn -0.5605 -0.3203 -0.7637
vn -0.7638 -0.3202 -0.5605
vn -0.3097 -0.2915 -0.9050
vn -0.5528 -0.3196 -0.7696
vn -0.0020 -0.2336 -0.9723
vn -0.2833 -0.2874 -0.9149
vn -0.2294 -0.7175 -0.6577
vn -0.0019 -0.7593 -0.6507
vn -0.0011 -0.6853 -0.7283
vn -0.2671 -0.5203 -0.8111
vn -0.0009 -0.4704 -0.8825
vn -0.2966 -0.3252 -0.8979
vn -0.0005 -0.2713 -0.9625
vn -0.0611 -0.1292 -0.9897
vn -0.2940 0.0245 -0.9555
vn -0.3091 -0.1100 -0.9446
vn -0.4091 -0.7395 -0.5345
vn -0.2025 -0.7968 -0.5693
vn -0.4906 -0.5515 -0.6747
vn -0.5476 -0.3670 -0.7520
vn -0.5786 -0.0331 -0.8149
vn -0.5790 -0.1597 -0.7995
vn -0.5467 -0.7473 -0.3777
vn -0.3501 -0.8114 -0.4680
vn -0.6691 -0.5606 -0.4880
vn -0.7490 -0.3793 -0.5433
vn -0.8092 -0.0514 -0.5853
vn -0.7968 -0.1750 -0.5784
vn -0.5565 -0.8086 -0.1910
vn -0.6373 -0.7414 -0.2100
vn -0.7958 -0.5436 -0.2668
vn -0.9398 -0.1509 -0.3066
vn -0.8873 -0.3568 -0.2923
vn -0.6232 -0.7820 -0.0041
vn -0.9542 -0.0256 -0.2979
vn -0.7149 -0.6989 -0.0226
vn -0.7190 -0.6942 -0.0345
vn -0.0159 -0.5215 -0.8531
vn -0.2205 -0.6051 -0.7650
vn -0.2725 -0.6242 -0.7322
vn -0.4222 -0.6713 -0.6091
vn -0.4478 -0.6785 -0.5824
vn -0.5694 -0.7045 -0.4236
vn -0.5774 -0.7058 -0.4105
vn -0.6703 -0.7103 -0.2149
vn -0.6684 -0.7107 -0.2194
vn 0.0008 -1.0000 -0.0044
vn 0.0006 -1.0000 -0.0032
vn -0.0018 -1.0000 -0.0024
vn -0.0075 -1.0000 -0.0044
vn -0.0088 -0.9999 -0.0074
vn -0.0101 -0.9999 -0.0084
vn -0.0090 -0.9999 -0.0065
vn -0.0060 -1.0000 -0.0049
vn -0.0035 -1.0000 -0.0019
vn -0.0031 -1.0000 -0.0007
vn -0.0054 -1.0000 0.0006
vn -0.0136 -0.9999 0.0031
vn 0.0046 -1.0000 0.0021
vn -0.0000 -0.5159 -0.8567
vn -0.0408 -0.5292 -0.8475
vn 0.0020 -0.9998 0.0185
vn 0.0022 -1.0000 -0.0053
vn 0.7557 0.6534 -0.0439
vn 0.2605 0.9627 -0.0727
vn 0.3039 0.9527 0.0003
vn 0.5419 0.8367 -0.0799
vn 0.1976 0.9704 -0.1392
vn 0.4720 0.8457 -0.2489
vn 0.1387 0.9706 -0.1968
vn 0.0753 0.8405 -0.5365
vn 0.3703 0.8411 -0.3943
vn -0.1517 0.8742 -0.4613
vn 0.0653 0.9670 -0.2464
vn 0.9509 0.3095 -0.0055
vn 0.8562 0.4299 -0.2865
vn 0.7158 0.4621 -0.5235
vn 0.5234 0.4617 -0.7162
vn 0.0026 0.3071 -0.9517
vn 0.2880 0.4250 -0.8581
vn 1.0000 -0.0002 -0.0053
vn 0.9482 0.0007 -0.3177
vn 0.8073 -0.0001 -0.5902
vn 0.5902 0.0006 -0.8072
vn 0.0025 -0.0000 -1.0000
vn 0.3174 -0.0002 -0.9483
vn 0.9573 0.2889 -0.0057
vn 0.8935 0.3574 -0.2719
vn 0.9575 0.2884 -0.0035
vn 0.8810 0.3633 -0.3031
vn 0.7480 0.3897 -0.5372
vn 0.7411 0.3904 -0.5462
vn 0.5354 0.3933 -0.7474
vn 0.3034 0.3577 -0.8832
vn 0.5438 0.3946 -0.7407
vn 0.0022 0.2877 -0.9577
vn 0.2726 0.3516 -0.8956
vn 0.5923 0.8056 0.0129
vn 0.8144 0.5237 -0.2501
vn 0.8768 0.4808 -0.0019
vn 0.5741 0.8018 -0.1658
vn 0.3433 0.9392 -0.0020
vn 0.2928 0.9504 -0.1048
vn 0.6791 0.5456 -0.4912
vn 0.4881 0.8130 -0.3175
vn 0.2336 0.9571 -0.1716
vn 0.3353 0.8229 -0.4588
vn 0.4876 0.5336 -0.6911
vn 0.1832 0.9528 -0.2419
vn 0.1937 0.7902 -0.5814
vn 0.2513 0.4823 -0.8392
vn 0.1111 0.9468 -0.3020
vn -0.0004 0.7700 -0.6381
vn -0.0000 0.4408 -0.8976
vn 0.0033 0.9139 -0.4058
vn 0.4915 -0.8598 0.1383
vn 0.2822 -0.9561 -0.0789
vn 0.6050 -0.7744 -0.1851
vn 0.2229 -0.9621 -0.1573
vn 0.4863 -0.8008 -0.3496
vn 0.3484 -0.8027 -0.4840
vn 0.1507 -0.9652 -0.2136
vn 0.1863 -0.7742 -0.6049
vn 0.0805 -0.9566 -0.2802
vn 0.0015 -0.6413 -0.7673
vn 0.9513 -0.3082 -0.0054
vn 0.8598 -0.4193 -0.2915
vn 0.5240 -0.4544 -0.7204
vn 0.0363 -0.2843 -0.9580
vn 0.2920 -0.4182 -0.8602
vn 0.7200 -0.4558 -0.5233
vn 0.9721 -0.2344 -0.0056
vn 0.9146 -0.2892 -0.2825
vn 0.9047 -0.2934 -0.3089
vn 0.7692 -0.3198 -0.5533
vn 0.7634 -0.3203 -0.5609
vn 0.5605 -0.3203 -0.7637
vn 0.5528 -0.3196 -0.7696
vn 0.3098 -0.2915 -0.9050
vn 0.2834 -0.2874 -0.9149
vn 0.0024 -0.2337 -0.9723
vn 0.2105 -0.7234 -0.6575
vn 0.0020 -0.7594 -0.6507
vn 0.2026 -0.7968 -0.5693
vn 0.0784 -0.6365 -0.7673
vn 0.2690 -0.5195 -0.8110
vn 0.0009 -0.4704 -0.8825
vn 0.2955 -0.3266 -0.8978
vn 0.0005 -0.2713 -0.9625
vn 0.0089 -0.0170 -0.9998
vn 0.2940 0.0245 -0.9555
vn 0.0010 0.0892 -0.9960
vn 0.3038 -0.1097 -0.9464
vn 0.3864 -0.7450 -0.5437
vn 0.3501 -0.8114 -0.4680
vn 0.4924 -0.5505 -0.6742
vn 0.5469 -0.3675 -0.7523
vn 0.5786 -0.0331 -0.8149
vn 0.5770 -0.1591 -0.8011
vn 0.5278 -0.7518 -0.3952
vn 0.4677 -0.8156 -0.3407
vn 0.6706 -0.5597 -0.4870
vn 0.7486 -0.3797 -0.5435
vn 0.8092 -0.0514 -0.5853
vn 0.7962 -0.1735 -0.5796
vn 0.5565 -0.8086 -0.1910
vn 0.6373 -0.7414 -0.2100
vn 0.7973 -0.5429 -0.2638
vn 0.8867 -0.3588 -0.2916
vn 0.9393 -0.1498 -0.3087
vn 0.6232 -0.7820 -0.0041
vn 0.6992 -0.7149 -0.0029
vn 0.8586 -0.5126 -0.0027
vn 0.9456 -0.3254 -0.0026
vn 0.9801 -0.1902 -0.0574
vn 0.9542 -0.0256 -0.2980
vn 0.7149 -0.6989 -0.0226
vn 0.7190 -0.6942 -0.0345
vn 0.0161 -0.5216 -0.8530
vn 0.2205 -0.6051 -0.7650
vn 0.0408 -0.5292 -0.8475
vn 0.2725 -0.6242 -0.7322
vn 0.4222 -0.6713 -0.6092
vn 0.4478 -0.6785 -0.5824
vn 0.5695 -0.7045 -0.4235
vn 0.5774 -0.7058 -0.4105
vn 0.6704 -0.7103 -0.2148
vn 0.6683 -0.7107 -0.2195
vn -0.0005 -1.0000 -0.0032
vn -0.0008 -1.0000 -0.0044
vn 0.0018 -1.0000 -0.0024
vn 0.0076 -1.0000 -0.0047
vn 0.0087 -0.9999 -0.0074
vn 0.0101 -0.9999 -0.0084
vn 0.0090 -0.9999 -0.0065
vn 0.0060 -1.0000 -0.0049
vn 0.0035 -1.0000 -0.0019
vn 0.0031 -1.0000 -0.0007
vn 0.0054 -1.0000 0.0006
vn 0.0136 -0.9999 0.0031
vn -0.0046 -1.0000 0.0021
vn -0.0022 -1.0000 -0.0053
vn -0.0020 -0.9998 0.0185
vn 0.0002 0.4408 -0.8976
vn -0.0013 0.2875 -0.9578
vn -0.0002 0.9520 -0.3061
vn 0.0002 -0.9371 -0.3490
vn -0.0002 -0.9371 -0.3490
vn 0.0014 -0.2334 -0.9724
vn -0.0015 -0.2335 -0.9724
vn -0.0011 0.0891 -0.9960
vn -0.0003 1.0000 0.0001
vn -0.0000 1.0000 0.0001
vn -0.0000 1.0000 -0.0001
vn 0.9575 0.2883 0.0033
vn 0.3038 0.9527 -0.0003
vn 0.3526 -0.9358 -0.0007
vn 0.9723 -0.2338 -0.0033
vn 0.9999 0.0156 -0.0024
vn 0.9999 0.0155 0.0026
vn -0.9723 -0.2338 0.0033
vn -0.1868 -0.5713 -0.7992
vn -0.2015 -0.5139 -0.8338
vn -0.2211 -0.5276 -0.8202
vn -0.1645 -0.5494 -0.8192
vn -0.1667 -0.4178 -0.8931
vn -0.1346 -0.4425 -0.8866
vn -0.1323 -0.2458 -0.9602
vn -0.1081 -0.2698 -0.9568
vn -0.0932 -0.0741 -0.9929
vn -0.0740 0.0969 -0.9925
vn -0.0711 0.1186 -0.9904
vn -0.0742 0.2432 -0.9671
vn -0.0829 0.2576 -0.9627
vn 0.2990 0.4539 0.8394
vn 0.1068 0.3646 0.9250
vn 0.2621 0.4119 0.8727
vn 0.0287 0.2250 0.9739
vn 0.2052 0.2609 0.9433
vn -0.0378 0.0383 0.9986
vn 0.1484 0.0566 0.9873
vn -0.1085 -0.1098 0.9880
vn 0.0755 -0.1141 0.9906
vn 0.0084 -0.2687 0.9632
vn -0.1636 -0.2399 0.9569
vn -0.0417 -0.3656 0.9298
vn 0.9016 -0.1938 -0.3867
vn 0.9244 -0.2883 -0.2498
vn 0.8952 -0.2361 -0.3780
vn 0.9271 -0.1316 -0.3510
vn 0.9473 -0.2096 -0.2422
vn 0.9772 -0.0170 -0.2114
vn 0.9567 -0.0700 -0.2825
vn 0.9814 0.1061 -0.1600
vn 0.9799 0.0423 -0.1949
vn 0.9834 0.1556 -0.0933
vn 0.9728 0.2262 -0.0505
vn 0.9753 0.2014 -0.0903
vn 0.9495 0.3134 0.0154
vn 0.9647 0.2622 -0.0240
vn 0.9879 0.1417 -0.0628
vn 0.9957 0.0034 -0.0922
vn 0.9699 -0.1222 -0.2106
vn 0.9646 -0.2383 -0.1126
vn 0.9372 -0.3344 -0.0995
vn -0.2565 -0.2262 0.9397
vn -0.0977 -0.3348 0.9372
vn -0.1121 -0.2376 0.9649
vn -0.2411 -0.1302 0.9617
vn -0.1080 -0.1164 0.9873
vn -0.0926 0.0039 0.9957
vn -0.0670 0.1426 0.9875
vn -0.1867 -0.0392 0.9816
vn 0.0136 0.3077 0.9514
vn -0.0931 0.1978 0.9758
vn -0.0286 0.2595 0.9653
vn -0.1400 0.0879 0.9862
vn -0.2371 -0.3079 0.9214
vn -0.3865 -0.1930 0.9018
vn -0.3777 -0.2368 0.8951
vn -0.3500 -0.1315 0.9275
vn -0.2791 -0.0684 0.9578
vn -0.1925 0.0445 0.9803
vn -0.0944 0.1487 0.9844
vn -0.0517 0.2192 0.9743
vn 0.6160 0.5182 0.5933
vn 0.8703 0.4148 0.2656
vn 0.8363 0.4581 0.3012
vn 0.6363 0.4679 0.6133
vn 0.9423 0.2623 0.2079
vn 0.6902 0.3041 0.6566
vn 0.9874 0.0573 0.1474
vn 0.7182 0.0747 0.6918
vn 0.9907 -0.1137 0.0748
vn 0.6785 -0.3440 0.6491
vn 0.9632 -0.2686 0.0055
vn 0.6313 -0.4901 0.6010
vn 0.9301 -0.3643 -0.0468
vn 0.9297 -0.3678 -0.0202
vn 0.6442 -0.4256 0.6354
vn 0.9529 -0.2991 -0.0508
vn 0.6768 -0.2202 0.7024
vn 0.9885 -0.1440 -0.0452
vn 0.6913 0.0258 0.7221
vn 0.9997 0.0146 0.0181
vn 0.9868 0.1262 0.1016
vn -0.5062 -0.2696 -0.8192
vn -0.6357 -0.3129 -0.7057
vn -0.4679 -0.2778 -0.8390
vn 0.9909 0.1224 -0.0564
vn 0.9863 0.1459 -0.0765
vn 0.9855 0.1042 -0.1336
vn 0.1342 0.1785 0.9747
vn 0.0842 0.1245 0.9886
vn 0.0764 0.1183 0.9900
vn -0.1218 0.1042 0.9871
vn -0.2014 0.1248 0.9715
vn -0.0764 0.1469 0.9862
vn 0.9715 0.1250 -0.2013
vn -0.0474 0.1243 0.9911
vn 0.0400 0.1638 0.9857
vn -0.0965 0.2964 -0.9502
vn -0.1136 0.2867 -0.9513
vn 0.9256 -0.3695 -0.0816
vn 0.9238 -0.3039 -0.2329
vn -0.1918 -0.3179 0.9285
vn -0.0550 -0.3815 0.9227
vn -0.2330 -0.3049 0.9234
vn 0.9050 -0.2449 -0.3478
vn -0.0815 -0.3709 0.9251
vn 0.5968 -0.5243 0.6074
vn 0.9787 0.1731 0.1100
vn 0.6865 0.1904 0.7018
vn 0.6800 0.2187 0.6998
vn -0.1890 -0.2463 0.9506
vn -0.3477 -0.2455 0.9049
vn -0.2933 -0.1966 0.9356
vn -0.1497 -0.1176 0.9817
vn -0.2439 -0.0969 0.9649
vn -0.1965 0.0866 0.9767
vn -0.1330 0.0107 0.9911
vn -0.2102 0.0024 0.9777
vn -0.1474 0.2211 -0.9641
vn -0.1725 0.1979 -0.9649
vn -0.2422 0.0358 -0.9696
vn -0.2423 0.0159 -0.9701
vn -0.3334 -0.1398 -0.9323
vn -0.3687 -0.1302 -0.9204
vn 0.9511 -0.2423 -0.1916
vn 0.9356 -0.1966 -0.2933
vn 0.9813 -0.1154 -0.1540
vn 0.9650 -0.0969 -0.2435
vn 0.9778 0.0024 -0.2097
vn 0.9913 0.0112 -0.1315
vn 0.9768 0.0867 -0.1959
vn 0.9528 -0.2994 -0.0502
vn 0.9898 -0.1373 -0.0380
vn 0.9983 0.0190 -0.0549
vn -0.1905 -0.3202 0.9280
vn -0.0507 -0.2989 0.9529
vn -0.1932 -0.2466 0.9497
vn -0.0558 -0.1427 0.9882
vn -0.0622 -0.1385 0.9884
vn -0.0000 0.0142 0.9999
vn -0.0485 -0.3005 0.9526
vn -0.0316 -0.1384 0.9899
vn -0.0453 0.0196 0.9988
vn 0.7019 -0.1287 0.7006
vn 0.1339 0.1768 0.9751
vn 0.9194 0.3728 0.1252
vn 0.8869 0.4147 0.2036
vn 0.9727 0.2285 0.0409
vn 0.9988 0.0389 -0.0304
vn 0.9883 -0.1097 -0.1064
vn 0.9563 -0.2392 -0.1683
vn 0.9280 -0.3147 -0.1993
vn 0.9279 -0.3183 -0.1938
vn 0.9499 -0.2456 -0.1934
vn 0.9889 -0.1395 -0.0512
vn 0.9998 0.0089 0.0158
vn 0.9879 0.1217 0.0964
vn 0.9787 0.1733 0.1104
vn -0.8101 -0.5527 -0.1956
vn -0.8369 -0.5066 -0.2072
vn -0.8259 -0.5353 -0.1772
vn -0.8896 -0.4201 -0.1794
vn -0.8814 -0.4496 -0.1445
vn -0.9560 -0.2585 -0.1385
vn -0.9511 -0.2895 -0.1080
vn -0.9927 -0.0782 -0.0913
vn -0.9909 -0.1056 -0.0831
vn -0.9930 0.0953 -0.0703
vn -0.9909 0.1174 -0.0666
vn -0.9679 0.2416 -0.0690
vn -0.9508 0.2955 -0.0928
vn -0.9634 0.2566 -0.0777
vn -0.9520 0.2856 -0.1106
vn -0.9646 0.2203 -0.1447
vn -0.9655 0.1972 -0.1700
vn -0.9701 0.0353 -0.2402
vn -0.9328 -0.1400 -0.3321
vn -0.9208 -0.1304 -0.3675
vn -0.8392 -0.2779 -0.4674
vn -0.8194 -0.2697 -0.5059
vn -0.7057 -0.3129 -0.6357
vn -0.6753 -0.2967 -0.6753
vn 0.1868 -0.5713 0.7992
vn 0.2015 -0.5139 0.8338
vn 0.2211 -0.5276 0.8202
vn 0.1645 -0.5494 0.8192
vn 0.1667 -0.4178 0.8931
vn 0.1346 -0.4425 0.8866
vn 0.1323 -0.2458 0.9602
vn 0.1081 -0.2698 0.9568
vn 0.0932 -0.0741 0.9929
vn 0.0740 0.0969 0.9925
vn 0.0711 0.1186 0.9904
vn 0.0742 0.2432 0.9671
vn 0.0829 0.2576 0.9627
vn -0.2990 0.4539 -0.8394
vn -0.1068 0.3646 -0.9250
vn -0.2621 0.4119 -0.8727
vn -0.0287 0.2250 -0.9739
vn -0.2052 0.2609 -0.9433
vn 0.0378 0.0383 -0.9986
vn -0.1484 0.0566 -0.9873
vn 0.1085 -0.1098 -0.9880
vn -0.0755 -0.1141 -0.9906
vn -0.0084 -0.2687 -0.9632
vn 0.1636 -0.2399 -0.9569
vn 0.0417 -0.3656 -0.9298
vn -0.9016 -0.1938 0.3867
vn -0.9244 -0.2883 0.2498
vn -0.8952 -0.2361 0.3780
vn -0.9271 -0.1316 0.3510
vn -0.9473 -0.2096 0.2422
vn -0.9772 -0.0170 0.2114
vn -0.9567 -0.0700 0.2825
vn -0.9814 0.1061 0.1600
vn -0.9799 0.0423 0.1949
vn -0.9834 0.1556 0.0933
vn -0.9728 0.2262 0.0505
vn -0.9753 0.2014 0.0903
vn -0.9495 0.3134 -0.0154
vn -0.9647 0.2622 0.0240
vn -0.9879 0.1417 0.0628
vn -0.9957 0.0034 0.0922
vn -0.9699 -0.1222 0.2106
vn -0.9646 -0.2383 0.1126
vn -0.9372 -0.3344 0.0995
vn 0.2565 -0.2262 -0.9397
vn 0.0977 -0.3348 -0.9372
vn 0.1121 -0.2376 -0.9649
vn 0.2411 -0.1302 -0.9617
vn 0.1080 -0.1164 -0.9873
vn 0.0926 0.0039 -0.9957
vn 0.0670 0.1426 -0.9875
vn 0.1867 -0.0392 -0.9816
vn -0.0136 0.3077 -0.9514
vn 0.0931 0.1978 -0.9758
vn 0.0286 0.2595 -0.9653
vn 0.1400 0.0879 -0.9862
vn 0.2371 -0.3079 -0.9214
vn 0.3865 -0.1930 -0.9018
vn 0.3777 -0.2368 -0.8951
vn 0.3500 -0.1315 -0.9275
vn 0.2791 -0.0684 -0.9578
vn 0.1925 0.0445 -0.9803
vn 0.0944 0.1487 -0.9844
vn 0.0517 0.2192 -0.9743
vn -0.6160 0.5182 -0.5933
vn -0.8703 0.4148 -0.2656
vn -0.8363 0.4581 -0.3012
vn -0.6363 0.4679 -0.6133
vn -0.9423 0.2623 -0.2079
vn -0.6902 0.3041 -0.6566
vn -0.9874 0.0573 -0.1474
vn -0.7182 0.0747 -0.6918
vn -0.9907 -0.1137 -0.0748
vn -0.6785 -0.3440 -0.6491
vn -0.9632 -0.2686 -0.0055
vn -0.6313 -0.4901 -0.6010
vn -0.9301 -0.3643 0.0468
vn -0.9297 -0.3678 0.0202
vn -0.6442 -0.4256 -0.6354
vn -0.9529 -0.2991 0.0508
vn -0.6768 -0.2202 -0.7024
vn -0.9885 -0.1440 0.0452
vn -0.6913 0.0258 -0.7221
vn -0.9997 0.0146 -0.0181
vn -0.9868 0.1262 -0.1016
vn 0.5062 -0.2696 0.8192
vn 0.6357 -0.3129 0.7057
vn 0.4679 -0.2778 0.8390
vn -0.9909 0.1224 0.0564
vn -0.9863 0.1459 0.0765
vn -0.9855 0.1042 0.1336
vn -0.1342 0.1785 -0.9747
vn -0.0842 0.1245 -0.9886
vn -0.0764 0.1183 -0.9900
vn 0.1218 0.1042 -0.9871
vn 0.2014 0.1248 -0.9715
vn 0.0764 0.1469 -0.9862
vn -0.9715 0.1250 0.2013
vn 0.0474 0.1243 -0.9911
vn -0.0400 0.1638 -0.9857
vn 0.0965 0.2964 0.9502
vn 0.1136 0.2867 0.9513
vn -0.9256 -0.3695 0.0816
vn -0.9238 -0.3039 0.2329
vn 0.1918 -0.3179 -0.9285
vn 0.0550 -0.3815 -0.9227
vn 0.2330 -0.3049 -0.9234
vn -0.9050 -0.2449 0.3478
vn 0.0815 -0.3709 -0.9251
vn -0.5968 -0.5243 -0.6074
vn -0.9787 0.1731 -0.1100
vn -0.6865 0.1904 -0.7018
vn -0.6800 0.2187 -0.6998
vn 0.1890 -0.2463 -0.9506
vn 0.3477 -0.2455 -0.9049
vn 0.2933 -0.1966 -0.9356
vn 0.1497 -0.1176 -0.9817
vn 0.2439 -0.0969 -0.9649
vn 0.1965 0.0866 -0.9767
vn 0.1330 0.0107 -0.9911
vn 0.2102 0.0024 -0.9777
vn 0.1474 0.2211 0.9641
vn 0.1725 0.1979 0.9649
vn 0.2422 0.0358 0.9696
vn 0.2423 0.0159 0.9701
vn 0.3334 -0.1398 0.9323
vn 0.3687 -0.1302 0.9204
vn -0.9511 -0.2423 0.1916
vn -0.9356 -0.1966 0.2933
vn -0.9813 -0.1154 0.1540
vn -0.9650 -0.0969 0.2435
vn -0.9778 0.0024 0.2097
vn -0.9913 0.0112 0.1315
vn -0.9768 0.0867 0.1959
vn -0.9528 -0.2994 0.0502
vn -0.9898 -0.1373 0.0380
vn -0.9983 0.0190 0.0549
vn 0.1905 -0.3202 -0.9280
vn 0.0507 -0.2989 -0.9529
vn 0.1932 -0.2466 -0.9497
vn 0.0558 -0.1427 -0.9882
vn 0.0622 -0.1385 -0.9884
vn -0.0000 0.0142 -0.9999
vn 0.0485 -0.3005 -0.9526
vn 0.0316 -0.1384 -0.9899
vn 0.0453 0.0196 -0.9988
vn -0.7019 -0.1287 -0.7006
vn -0.1339 0.1768 -0.9751
vn -0.9194 0.3728 -0.1252
vn -0.8869 0.4147 -0.2036
vn -0.9727 0.2285 -0.0409
vn -0.9988 0.0389 0.0304
vn -0.9883 -0.1097 0.1064
vn -0.9563 -0.2392 0.1683
vn -0.9280 -0.3147 0.1993
vn -0.9279 -0.3183 0.1938
vn -0.9499 -0.2456 0.1934
vn -0.9889 -0.1395 0.0512
vn -0.9998 0.0089 -0.0158
vn -0.9879 0.1217 -0.0964
vn -0.9787 0.1733 -0.1104
vn 0.8101 -0.5527 0.1956
vn 0.8369 -0.5066 0.2072
vn 0.8259 -0.5353 0.1772
vn 0.8896 -0.4201 0.1794
vn 0.8814 -0.4496 0.1445
vn 0.9560 -0.2585 0.1385
vn 0.9511 -0.2895 0.1080
vn 0.9927 -0.0782 0.0913
vn 0.9909 -0.1056 0.0831
vn 0.9930 0.0953 0.0703
vn 0.9909 0.1174 0.0666
vn 0.9679 0.2416 0.0690
vn 0.9508 0.2955 0.0928
vn 0.9634 0.2566 0.0777
vn 0.9520 0.2856 0.1106
vn 0.9646 0.2203 0.1447
vn 0.9655 0.1972 0.1700
vn 0.9701 0.0353 0.2402
vn 0.9328 -0.1400 0.3321
vn 0.9208 -0.1304 0.3675
vn 0.8392 -0.2779 0.4674
vn 0.8194 -0.2697 0.5059
vn 0.7057 -0.3129 0.6357
vn 0.6753 -0.2967 0.6753
vn -0.2015 -0.5139 0.8338
vn -0.1868 -0.5713 0.7992
vn -0.2211 -0.5276 0.8202
vn -0.1667 -0.4178 0.8931
vn -0.1645 -0.5494 0.8192
vn -0.1324 -0.2459 0.9602
vn -0.1346 -0.4425 0.8866
vn -0.0932 -0.0741 0.9929
vn -0.1081 -0.2698 0.9568
vn -0.0740 0.0969 0.9925
vn -0.0860 -0.0992 0.9913
vn -0.0711 0.1186 0.9904
vn -0.0742 0.2432 0.9671
vn 0.2990 0.4539 -0.8394
vn 0.1068 0.3646 -0.9250
vn 0.1861 0.4049 -0.8952
vn 0.2621 0.4067 -0.8752
vn 0.0287 0.2250 -0.9739
vn 0.2102 0.2445 -0.9466
vn -0.0379 0.0382 -0.9986
vn 0.1666 0.0339 -0.9854
vn -0.1085 -0.1098 -0.9880
vn 0.0462 -0.2503 -0.9671
vn 0.0899 -0.1454 -0.9853
vn 0.0016 -0.3541 -0.9352
vn -0.1637 -0.2400 -0.9569
vn 0.9016 -0.1938 0.3867
vn 0.9244 -0.2883 0.2498
vn 0.9412 -0.2201 0.2564
vn 0.9271 -0.1316 0.3510
vn 0.9624 -0.1224 0.2427
vn 0.9771 -0.0294 0.2106
vn 0.9567 -0.0700 0.2825
vn 0.9832 0.0926 0.1574
vn 0.9799 0.0423 0.1950
vn 0.9834 0.1556 0.0933
vn 0.9728 0.2262 0.0505
vn 0.9850 0.1686 0.0375
vn 0.9772 0.1987 0.0752
vn 0.9495 0.3134 -0.0154
vn 0.9647 0.2623 0.0240
vn 0.9879 0.1417 0.0628
vn 0.9957 0.0034 0.0922
vn 0.9646 -0.2383 0.1126
vn 0.9873 -0.1167 0.1080
vn 0.9372 -0.3343 0.0995
vn -0.0977 -0.3347 -0.9372
vn -0.2560 -0.2194 -0.9415
vn -0.1121 -0.2376 -0.9649
vn -0.2427 -0.1220 -0.9624
vn -0.1080 -0.1164 -0.9873
vn -0.0926 0.0039 -0.9957
vn -0.2101 -0.0285 -0.9773
vn -0.0670 0.1426 -0.9875
vn -0.1593 0.0934 -0.9828
vn -0.0989 0.2088 -0.9729
vn 0.0136 0.3077 -0.9514
vn -0.0286 0.2595 -0.9653
vn -0.3865 -0.1930 -0.9018
vn -0.2367 -0.3080 -0.9215
vn -0.3777 -0.2368 -0.8951
vn -0.3500 -0.1315 -0.9275
vn -0.2791 -0.0684 -0.9578
vn -0.1925 0.0445 -0.9803
vn -0.0944 0.1487 -0.9844
vn -0.0517 0.2192 -0.9743
vn 0.8734 0.4126 -0.2588
vn 0.6160 0.5182 -0.5933
vn 0.8364 0.4580 -0.3011
vn 0.9463 0.2507 -0.2040
vn 0.6362 0.4684 -0.6130
vn 0.9864 0.0419 -0.1588
vn 0.6902 0.3049 -0.6563
vn 0.9872 -0.1362 -0.0832
vn 0.7180 0.0742 -0.6921
vn 0.6785 -0.3440 -0.6491
vn 0.7109 -0.1499 -0.6871
vn 0.9659 -0.2567 -0.0354
vn 0.6313 -0.4901 -0.6011
vn 0.9224 -0.3823 0.0558
vn 0.6442 -0.4256 -0.6355
vn 0.6130 -0.5285 -0.5874
vn 0.9585 -0.2826 0.0387
vn 0.6768 -0.2202 -0.7024
vn 0.9901 -0.1303 0.0520
vn 0.6913 0.0258 -0.7221
vn 0.9849 0.1304 -0.1142
vn 0.9995 0.0291 -0.0111
vn -0.6357 -0.3129 0.7057
vn -0.5062 -0.2696 0.8192
vn -0.4679 -0.2778 0.8390
vn 0.9863 0.1459 0.0765
vn 0.9909 0.1224 0.0564
vn 0.9855 0.1043 0.1336
vn 0.0841 0.1246 -0.9886
vn 0.1342 0.1785 -0.9747
vn 0.0764 0.1183 -0.9900
vn -0.1305 0.1061 -0.9857
vn -0.2014 0.1248 -0.9715
vn -0.1965 0.0866 -0.9767
vn 0.9715 0.1250 0.2013
vn 0.9768 0.0867 0.1959
vn -0.0764 0.1469 -0.9862
vn -0.0474 0.1243 -0.9911
vn 0.0400 0.1638 -0.9857
vn -0.0829 0.2575 0.9627
vn -0.0965 0.2964 0.9502
vn 0.9256 -0.3696 0.0816
vn -0.1918 -0.3179 -0.9285
vn -0.0550 -0.3815 -0.9227
vn -0.1905 -0.3202 -0.9280
vn -0.2176 -0.2962 -0.9300
vn 0.9212 -0.3198 0.2218
vn 0.8952 -0.2362 0.3780
vn 0.9050 -0.2448 0.3478
vn -0.0815 -0.3709 -0.9251
vn 0.9340 -0.3569 0.0130
vn 0.7016 0.1789 -0.6898
vn 0.9787 0.1731 -0.1100
vn 0.6800 0.2187 -0.6998
vn -0.3477 -0.2455 -0.9049
vn -0.1909 -0.2428 -0.9511
vn -0.2933 -0.1966 -0.9356
vn -0.1515 -0.1159 -0.9816
vn -0.2439 -0.0969 -0.9649
vn -0.1330 0.0107 -0.9911
vn -0.2102 0.0024 -0.9777
vn -0.1136 0.2867 0.9513
vn -0.1474 0.2210 0.9641
vn -0.1725 0.1979 0.9649
vn -0.2422 0.0358 0.9696
vn -0.3334 -0.1398 0.9323
vn -0.2423 0.0159 0.9701
vn -0.3687 -0.1302 0.9204
vn 0.9511 -0.2423 0.1916
vn 0.9356 -0.1966 0.2933
vn 0.9813 -0.1154 0.1540
vn 0.9778 0.0024 0.2097
vn 0.9650 -0.0969 0.2435
vn 0.9913 0.0114 0.1313
vn 0.9528 -0.2994 0.0502
vn 0.9898 -0.1373 0.0380
vn 0.9983 0.0190 0.0549
vn -0.0323 -0.2818 -0.9589
vn -0.0625 -0.1286 -0.9897
vn -0.1932 -0.2466 -0.9497
vn -0.0068 0.0282 -0.9996
vn -0.0622 -0.1385 -0.9884
vn -0.0016 0.0094 -1.0000
vn -0.0485 -0.3004 -0.9526
vn -0.0317 -0.1384 -0.9899
vn -0.0453 0.0196 -0.9988
vn 0.1339 0.1765 -0.9752
vn 0.9194 0.3728 -0.1252
vn 0.8869 0.4147 -0.2036
vn 0.9727 0.2285 -0.0409
vn 0.9988 0.0389 0.0304
vn 0.9883 -0.1097 0.1064
vn 0.9562 -0.2393 0.1684
vn 0.9280 -0.3147 0.1993
vn 0.9279 -0.3183 0.1938
vn 0.9499 -0.2456 0.1934
vn 0.9889 -0.1395 0.0512
vn 0.9879 0.1217 -0.0964
vn 0.9998 0.0089 -0.0158
vn 0.9787 0.1733 -0.1104
vn -0.8369 -0.5066 0.2072
vn -0.8101 -0.5527 0.1956
vn -0.8259 -0.5353 0.1772
vn -0.8896 -0.4201 0.1794
vn -0.8815 -0.4496 0.1445
vn -0.9560 -0.2585 0.1385
vn -0.9511 -0.2895 0.1080
vn -0.9927 -0.0782 0.0913
vn -0.9930 0.0953 0.0703
vn -0.9909 -0.1056 0.0831
vn -0.9679 0.2417 0.0690
vn -0.9908 0.1174 0.0666
vn -0.9509 0.2954 0.0928
vn -0.9634 0.2566 0.0777
vn -0.9646 0.2203 0.1447
vn -0.9520 0.2856 0.1106
vn -0.9701 0.0354 0.2402
vn -0.9655 0.1972 0.1700
vn -0.9328 -0.1400 0.3321
vn -0.9706 0.0155 0.2402
vn -0.9208 -0.1304 0.3675
vn -0.8392 -0.2779 0.4674
vn -0.7057 -0.3129 0.6357
vn -0.8194 -0.2697 0.5059
vn -0.6753 -0.2967 0.6753
vn 0.0001 1.0000 -0.0000
vn 0.0007 1.0000 0.0008
vn -0.0002 1.0000 -0.0006
vn 0.0004 1.0000 0.0008
vn -0.0020 1.0000 -0.0017
vn -0.0014 1.0000 -0.0018
vn 0.0002 1.0000 -0.0006
vn -0.0007 1.0000 0.0008
vn -0.0001 1.0000 -0.0000
vn -0.0004 1.0000 0.0008
vn 0.0020 1.0000 -0.0017
vn 0.0014 1.0000 -0.0018
vn 0.0007 1.0000 -0.0008
vn 0.0004 1.0000 -0.0008
vn -0.0020 1.0000 0.0017
vn -0.0014 1.0000 0.0018
vn 0.0002 1.0000 0.0006
vn -0.0007 1.0000 -0.0008
vn -0.0004 1.0000 -0.0008
vn 0.0020 1.0000 0.0017
vn 0.0014 1.0000 0.0018
vn -0.0002 1.0000 0.0006
vn 0.0380 0.1584 0.9866
vn 0.6752 -0.2967 -0.6753
vn -0.9860 0.1617 0.0401
vn -0.9575 0.2884 -0.0035
vn 0.8247 -0.5208 -0.2204
vn 0.0002 0.9520 0.3061
vn 0.0014 0.2875 0.9578
vn 0.2339 0.9571 0.1712
vn -0.0000 0.4408 0.8976
vn 0.0011 0.0891 0.9960
vn 0.4677 -0.8156 0.3407
vn -0.2339 0.9571 -0.1712
vn -0.4677 -0.8156 -0.3407
vn 0.0002 0.9520 -0.3061
vn 0.0014 0.2875 -0.9578
vn -0.0860 -0.0992 -0.9913
vn 0.1861 0.4049 0.8952
vn 0.9850 0.1686 -0.0375
vn 0.9873 -0.1167 -0.1080
vn -0.0380 0.1584 0.9866
vn -0.6752 -0.2967 -0.6753
vn 0.9860 0.1617 0.0401
vn -0.0016 0.0094 1.0000
vn -0.8247 -0.5208 -0.2204
vn -0.9706 0.0155 -0.2402
vn 0.0860 -0.0992 0.9913
vn -0.1861 0.4049 -0.8952
vn -0.9850 0.1686 0.0375
vn -0.9873 -0.1167 0.1080
vn 0.0380 0.1584 -0.9866
vn 0.6752 -0.2967 0.6753
vn -0.9860 0.1617 -0.0401
vn 0.0016 0.0094 -1.0000
vn 0.8247 -0.5208 0.2204
vn 0.9706 0.0155 0.2402
vn -0.0380 0.1584 -0.9866
vn -0.6752 -0.2967 0.6753
vn 0.9860 0.1617 -0.0401
vn -0.8247 -0.5208 0.2204
vt 0.399110 0.417210
vt 0.688009 0.418810
vt 0.689170 0.417210
vt 0.401748 0.422991
vt 0.687565 0.420564
vt 0.400714 0.420564
vt 0.399089 0.404652
vt 0.688038 0.403023
vt 0.400243 0.403023
vt 0.401753 0.395576
vt 0.685550 0.391167
vt 0.402736 0.391167
vt 0.403794 0.386447
vt 0.684495 0.386447
vt 0.404831 0.381798
vt 0.682586 0.378111
vt 0.405704 0.378111
vt 0.683459 0.381798
vt 0.653712 0.375383
vt 0.434564 0.375383
vt 0.749563 0.048902
vt 0.872495 0.274787
vt 0.749631 0.500709
vt 0.391634 0.418810
vt 0.400271 0.418810
vt 0.390725 0.417210
vt 0.383080 0.418810
vt 0.012797 0.472785
vt 0.021607 0.474366
vt 0.013078 0.474366
vt 0.029401 0.472785
vt 0.021179 0.472785
vt 0.037627 0.472785
vt 0.030193 0.474366
vt 0.397714 0.414067
vt 0.389655 0.414067
vt 0.382290 0.417210
vt 0.381353 0.414067
vt 0.012507 0.469723
vt 0.020693 0.469723
vt 0.036255 0.469723
vt 0.028536 0.469723
vt 0.397352 0.410972
vt 0.389359 0.410972
vt 0.381137 0.410972
vt 0.020588 0.466658
vt 0.035911 0.466658
vt 0.028341 0.466658
vt 0.392075 0.420564
vt 0.383559 0.420564
vt 0.021892 0.476055
vt 0.013368 0.476055
vt 0.038780 0.474366
vt 0.030514 0.476055
vt 0.393564 0.425214
vt 0.402400 0.425214
vt 0.392962 0.422991
vt 0.385071 0.425214
vt 0.384471 0.422991
vt 0.014651 0.480379
vt 0.022661 0.478228
vt 0.023225 0.480379
vt 0.014122 0.478228
vt 0.031568 0.478228
vt 0.032294 0.480379
vt 0.040484 0.478228
vt 0.040965 0.480379
vt 0.039209 0.476055
vt 0.391726 0.403023
vt 0.390799 0.404652
vt 0.383227 0.403023
vt 0.382396 0.404652
vt 0.013639 0.458665
vt 0.021503 0.460355
vt 0.013216 0.460355
vt 0.022032 0.458665
vt 0.029598 0.460355
vt 0.030429 0.458665
vt 0.037616 0.460355
vt 0.397705 0.407843
vt 0.389690 0.407843
vt 0.020843 0.463554
vt 0.036255 0.463554
vt 0.028637 0.463554
vt 0.381398 0.407843
vt 0.012701 0.463554
vt 0.392236 0.400852
vt 0.383821 0.400852
vt 0.014164 0.456523
vt 0.022494 0.456523
vt 0.030835 0.456522
vt 0.038758 0.458665
vt 0.032174 0.451541
vt 0.039174 0.456523
vt 0.040414 0.451541
vt 0.033493 0.447262
vt 0.041617 0.447262
vt 0.034974 0.442715
vt 0.042907 0.442715
vt 0.044178 0.438233
vt 0.037704 0.435389
vt 0.045225 0.435389
vt 0.036437 0.438233
vt 0.024142 0.451541
vt 0.025621 0.447262
vt 0.027188 0.442715
vt 0.029929 0.435388
vt 0.028647 0.438233
vt 0.016366 0.451541
vt 0.018162 0.447262
vt 0.019864 0.442715
vt 0.022338 0.435389
vt 0.021264 0.438233
vt 0.385746 0.395576
vt 0.393575 0.395576
vt 0.387244 0.391167
vt 0.394742 0.391167
vt 0.388611 0.386447
vt 0.395965 0.386447
vt 0.397108 0.381798
vt 0.390502 0.378111
vt 0.389697 0.381798
vt 0.400676 0.400852
vt 0.398114 0.378111
vt 0.406327 0.375383
vt 0.039415 0.432277
vt 0.046874 0.432277
vt 0.031627 0.432276
vt 0.024176 0.432277
vt 0.398713 0.375383
vt 0.391255 0.375383
vt 0.749256 0.019390
vt 0.746072 0.022241
vt 0.746952 0.016669
vt 0.750316 0.014314
vt 0.749620 0.011409
vt 0.752915 0.010316
vt 0.753784 0.007238
vt 0.757067 0.007805
vt 0.759040 0.004567
vt 0.762000 0.006671
vt 0.764863 0.003645
vt 0.773621 0.006258
vt 0.786857 0.003642
vt 0.065644 0.432277
vt 0.748853 0.031012
vt 0.746074 0.036731
vt 0.054711 0.326805
vt 0.105874 0.357405
vt 0.045064 0.354105
vt 0.063406 0.299821
vt 0.107684 0.328211
vt 0.069428 0.273916
vt 0.108813 0.299844
vt 0.072146 0.246339
vt 0.108181 0.273424
vt 0.099464 0.218857
vt 0.105183 0.245730
vt 0.070833 0.219372
vt 0.090667 0.190777
vt 0.033815 0.363034
vt 0.040251 0.338020
vt 0.042671 0.365598
vt 0.032398 0.335599
vt 0.038084 0.310587
vt 0.031177 0.309035
vt 0.036307 0.284343
vt 0.030257 0.283973
vt 0.034802 0.256211
vt 0.028903 0.229113
vt 0.029488 0.256838
vt 0.028444 0.198390
vt 0.033521 0.227670
vt 0.295322 0.217485
vt 0.302701 0.189153
vt 0.313471 0.217350
vt 0.297765 0.244972
vt 0.318584 0.244461
vt 0.317923 0.271784
vt 0.294439 0.272749
vt 0.311999 0.296657
vt 0.286251 0.297972
vt 0.272517 0.322853
vt 0.288139 0.346226
vt 0.256361 0.347248
vt 0.301039 0.321586
vt 0.308802 0.346213
vt 0.320679 0.321234
vt 0.330420 0.296032
vt 0.335156 0.270976
vt 0.327966 0.216354
vt 0.334422 0.243557
vt 0.315552 0.188060
vt 0.195297 0.188083
vt 0.197407 0.217374
vt 0.182906 0.216375
vt 0.192315 0.244479
vt 0.176478 0.243574
vt 0.175743 0.270992
vt 0.193008 0.271804
vt 0.180547 0.296051
vt 0.199191 0.296694
vt 0.210149 0.321628
vt 0.202092 0.346157
vt 0.190325 0.321252
vt 0.215573 0.217514
vt 0.208132 0.189186
vt 0.223691 0.189151
vt 0.213151 0.244995
vt 0.216747 0.272793
vt 0.225860 0.298055
vt 0.239388 0.322918
vt 0.222756 0.346203
vt 0.018199 0.335664
vt 0.025310 0.362147
vt 0.016673 0.363175
vt 0.019512 0.309067
vt 0.025369 0.334636
vt 0.020477 0.283981
vt 0.025419 0.308379
vt 0.021288 0.256814
vt 0.025446 0.283801
vt 0.025465 0.229758
vt 0.025481 0.257100
vt 0.021873 0.229069
vt 0.025426 0.199289
vt 0.022606 0.162998
vt 0.025300 0.129555
vt 0.025359 0.163884
vt 0.022852 0.128944
vt 0.025239 0.097559
vt 0.022504 0.097169
vt 0.025136 0.066796
vt 0.023046 0.036537
vt 0.022948 0.066841
vt 0.051095 0.007230
vt 0.059487 0.037996
vt 0.048576 0.038090
vt 0.272349 0.007209
vt 0.273729 0.036290
vt 0.267023 0.036714
vt 0.027064 0.036538
vt 0.026824 0.007094
vt 0.027758 0.036607
vt 0.243950 0.036732
vt 0.245238 0.007763
vt 0.251164 0.037297
vt 0.265790 0.007742
vt 0.259816 0.037268
vt 0.238680 0.007219
vt 0.237332 0.036311
vt 0.233509 0.006984
vt 0.065599 0.191283
vt 0.078913 0.159588
vt 0.298594 0.157148
vt 0.032561 0.196479
vt 0.027994 0.163039
vt 0.031638 0.161270
vt 0.223435 0.158215
vt 0.287469 0.158196
vt 0.287153 0.189118
vt 0.274505 0.158265
vt 0.212309 0.157165
vt 0.022262 0.198331
vt 0.024986 0.036324
vt 0.023402 0.007039
vt 0.024812 0.006838
vt 0.236400 0.158283
vt 0.236812 0.127755
vt 0.247447 0.128094
vt 0.244697 0.097562
vt 0.253699 0.098081
vt 0.246597 0.067217
vt 0.254514 0.067787
vt 0.057214 0.160225
vt 0.068878 0.128990
vt 0.050173 0.129824
vt 0.062503 0.098930
vt 0.046594 0.069322
vt 0.046616 0.099804
vt 0.059849 0.068692
vt 0.274091 0.127735
vt 0.263460 0.128073
vt 0.266213 0.097540
vt 0.256425 0.067757
vt 0.257218 0.098055
vt 0.264332 0.067196
vt 0.283553 0.126823
vt 0.274552 0.096855
vt 0.271925 0.066668
vt 0.027652 0.128961
vt 0.028184 0.097118
vt 0.030997 0.127742
vt 0.027275 0.066824
vt 0.030139 0.096831
vt 0.028984 0.066847
vt 0.227382 0.126839
vt 0.236431 0.096869
vt 0.239118 0.066691
vt 0.119662 0.063670
vt 0.099533 0.083791
vt 0.084960 0.068113
vt 0.026320 0.007030
vt 0.010591 0.337922
vt 0.008005 0.365594
vt 0.012838 0.310528
vt 0.014638 0.284327
vt 0.016163 0.256211
vt 0.017391 0.227672
vt 0.018248 0.196473
vt 0.019066 0.161293
vt 0.019616 0.127776
vt 0.020398 0.096873
vt 0.022314 0.036617
vt 0.021386 0.066873
vt 0.022870 0.007115
vt 0.782583 0.040072
vt 0.690567 0.414067
vt 0.689193 0.404652
vt 0.690577 0.407843
vt 0.686532 0.395576
vt 0.953410 0.006936
vt 0.791506 0.006955
vt 0.163557 0.326282
vt 0.113013 0.356657
vt 0.111265 0.328056
vt 0.154706 0.299348
vt 0.110078 0.299801
vt 0.148944 0.273384
vt 0.110483 0.273034
vt 0.146297 0.245800
vt 0.119018 0.218389
vt 0.113401 0.245276
vt 0.127729 0.190302
vt 0.147551 0.218830
vt 0.139519 0.159087
vt 0.152751 0.190734
vt 0.149516 0.128476
vt 0.161132 0.159675
vt 0.155841 0.098406
vt 0.168152 0.129269
vt 0.171648 0.068762
vt 0.171674 0.099244
vt 0.158431 0.068162
vt 0.169610 0.037533
vt 0.167035 0.006677
vt 0.158719 0.037465
vt 0.158074 0.007345
vt 0.085094 0.059341
vt 0.099573 0.043523
vt 0.060560 0.417366
vt 0.053226 0.418992
vt 0.052449 0.417366
vt 0.044747 0.418992
vt 0.044326 0.417366
vt 0.036405 0.418992
vt 0.036129 0.417366
vt 0.721880 0.474366
vt 0.714203 0.472785
vt 0.722678 0.472785
vt 0.713288 0.474366
vt 0.705776 0.472785
vt 0.059219 0.414231
vt 0.051607 0.414231
vt 0.043889 0.414231
vt 0.707186 0.469723
vt 0.715284 0.469723
vt 0.058887 0.411101
vt 0.051429 0.411101
vt 0.035675 0.411101
vt 0.035761 0.414231
vt 0.707554 0.466658
vt 0.715589 0.466658
vt 0.723628 0.469723
vt 0.061690 0.418992
vt 0.053540 0.420700
vt 0.045026 0.420700
vt 0.036686 0.420700
vt 0.721402 0.476055
vt 0.712842 0.476055
vt 0.704605 0.474366
vt 0.054712 0.425228
vt 0.063109 0.423062
vt 0.063737 0.425228
vt 0.054248 0.423062
vt 0.062108 0.420700
vt 0.045720 0.425228
vt 0.045419 0.423062
vt 0.037049 0.423062
vt 0.719331 0.480379
vt 0.711642 0.478228
vt 0.720157 0.478228
vt 0.710800 0.480379
vt 0.702865 0.478228
vt 0.704156 0.476055
vt 0.060559 0.404763
vt 0.053514 0.403089
vt 0.061678 0.403089
vt 0.052690 0.404763
vt 0.045272 0.403089
vt 0.036630 0.404763
vt 0.044722 0.404763
vt 0.714161 0.460355
vt 0.721803 0.458665
vt 0.722625 0.460355
vt 0.705809 0.460355
vt 0.713234 0.458665
vt 0.059226 0.407981
vt 0.051731 0.407981
vt 0.044074 0.407981
vt 0.035993 0.407981
vt 0.707201 0.463554
vt 0.715266 0.463554
vt 0.043851 0.411101
vt 0.723609 0.463554
vt 0.053921 0.400925
vt 0.062080 0.400925
vt 0.045754 0.400925
vt 0.037070 0.403089
vt 0.721222 0.456522
vt 0.704648 0.458665
vt 0.712726 0.456523
vt 0.711099 0.451541
vt 0.704211 0.456523
vt 0.702910 0.451541
vt 0.709584 0.447262
vt 0.701660 0.447262
vt 0.708002 0.442715
vt 0.700336 0.442715
vt 0.699054 0.438233
vt 0.705303 0.435389
vt 0.706544 0.438233
vt 0.718942 0.451541
vt 0.717119 0.447262
vt 0.715413 0.442715
vt 0.712983 0.435389
vt 0.714018 0.438233
vt 0.047013 0.395742
vt 0.037621 0.400925
vt 0.039466 0.395742
vt 0.048140 0.391370
vt 0.040895 0.391370
vt 0.049324 0.386701
vt 0.042183 0.386701
vt 0.043196 0.382114
vt 0.051391 0.379237
vt 0.050416 0.382114
vt 0.054935 0.395742
vt 0.055878 0.391370
vt 0.058050 0.382114
vt 0.056956 0.386701
vt 0.063060 0.395742
vt 0.063964 0.391370
vt 0.059032 0.379237
vt 0.065942 0.382114
vt 0.064951 0.386701
vt 0.066791 0.379237
vt 0.067401 0.375866
vt 0.095533 0.375866
vt 0.698012 0.435388
vt 0.703618 0.432276
vt 0.711128 0.432276
vt 0.043999 0.379237
vt 0.051850 0.375866
vt 0.059567 0.375866
vt 0.746148 0.527372
vt 0.749332 0.530221
vt 0.747029 0.532943
vt 0.750394 0.535297
vt 0.749699 0.538202
vt 0.752995 0.539295
vt 0.753865 0.542372
vt 0.757147 0.541805
vt 0.759121 0.545042
vt 0.762081 0.542938
vt 0.764944 0.545962
vt 0.773701 0.543346
vt 0.786938 0.545958
vt 0.791586 0.542644
vt 0.677706 0.432276
vt 0.696382 0.432277
vt 0.746145 0.512882
vt 0.748926 0.518600
vt 0.782653 0.509530
vt 0.953490 0.542615
vt 0.995363 0.048871
vt 0.995431 0.500667
vt 0.696643 0.418810
vt 0.697552 0.417210
vt 0.705194 0.418810
vt 0.705986 0.417210
vt 0.013777 0.528342
vt 0.022576 0.530007
vt 0.022148 0.528342
vt 0.030358 0.528342
vt 0.031149 0.530007
vt 0.038572 0.528342
vt 0.698624 0.414067
vt 0.013485 0.525186
vt 0.037201 0.525186
vt 0.029493 0.525186
vt 0.690929 0.410972
vt 0.706925 0.414067
vt 0.698921 0.410972
vt 0.021553 0.522195
vt 0.021660 0.525186
vt 0.036856 0.522195
vt 0.029296 0.522195
vt 0.696201 0.420564
vt 0.704714 0.420564
vt 0.014059 0.530007
vt 0.022861 0.531739
vt 0.031472 0.531739
vt 0.039724 0.530007
vt 0.694707 0.425214
vt 0.686530 0.422991
vt 0.685878 0.425214
vt 0.695312 0.422991
vt 0.703197 0.425214
vt 0.703800 0.422991
vt 0.015634 0.536160
vt 0.023631 0.534013
vt 0.015104 0.534013
vt 0.024195 0.536160
vt 0.032525 0.534013
vt 0.033251 0.536160
vt 0.041428 0.534013
vt 0.040155 0.531739
vt 0.696557 0.403023
vt 0.697483 0.404652
vt 0.705058 0.403023
vt 0.022463 0.515968
vt 0.014607 0.514271
vt 0.014187 0.515968
vt 0.030548 0.515968
vt 0.022991 0.514271
vt 0.038555 0.515968
vt 0.031377 0.514271
vt 0.698592 0.407843
vt 0.705888 0.404652
vt 0.706884 0.407843
vt 0.021806 0.519142
vt 0.037198 0.519142
vt 0.029590 0.519142
vt 0.707144 0.410972
vt 0.013675 0.519142
vt 0.696048 0.400852
vt 0.687605 0.400852
vt 0.704464 0.400852
vt 0.015130 0.512131
vt 0.023451 0.512131
vt 0.039694 0.514271
vt 0.031781 0.512131
vt 0.033115 0.507157
vt 0.040108 0.512131
vt 0.041344 0.507157
vt 0.034429 0.502885
vt 0.042543 0.502885
vt 0.035906 0.498343
vt 0.043828 0.498343
vt 0.045094 0.493867
vt 0.038625 0.491028
vt 0.037363 0.493867
vt 0.025093 0.507157
vt 0.026567 0.502885
vt 0.028129 0.498344
vt 0.030860 0.491028
vt 0.029583 0.493867
vt 0.017325 0.507157
vt 0.019116 0.502885
vt 0.020814 0.498343
vt 0.023278 0.491028
vt 0.022208 0.493867
vt 0.702542 0.395576
vt 0.694711 0.395576
vt 0.701046 0.391167
vt 0.699680 0.386447
vt 0.693547 0.391167
vt 0.697790 0.378111
vt 0.691183 0.381798
vt 0.698594 0.381798
vt 0.692326 0.386447
vt 0.690178 0.378111
vt 0.681963 0.375383
vt 0.046137 0.491028
vt 0.040332 0.487917
vt 0.032553 0.487917
vt 0.025110 0.487917
vt 0.689578 0.375383
vt 0.998847 0.022209
vt 0.995663 0.019359
vt 0.997967 0.016638
vt 0.994602 0.014283
vt 0.995298 0.011379
vt 0.992002 0.010286
vt 0.991132 0.007209
vt 0.987849 0.007776
vt 0.985875 0.004538
vt 0.982916 0.006643
vt 0.980052 0.003620
vt 0.971295 0.006236
vt 0.958058 0.003622
vt 0.066521 0.487917
vt 0.047781 0.487917
vt 0.998849 0.036699
vt 0.996068 0.030981
vt 0.962342 0.040050
vt 0.347310 0.417366
vt 0.354703 0.418992
vt 0.346161 0.418992
vt 0.355604 0.417366
vt 0.363164 0.418992
vt 0.730333 0.528342
vt 0.721534 0.530007
vt 0.730051 0.530007
vt 0.713753 0.528342
vt 0.721963 0.528342
vt 0.705539 0.528342
vt 0.712961 0.530007
vt 0.348693 0.414231
vt 0.356666 0.414231
vt 0.363949 0.417366
vt 0.364879 0.414231
vt 0.730625 0.525186
vt 0.722451 0.525186
vt 0.706911 0.525186
vt 0.714619 0.525186
vt 0.349052 0.411101
vt 0.356961 0.411101
vt 0.365097 0.411101
vt 0.722558 0.522195
vt 0.707256 0.522195
vt 0.714815 0.522195
vt 0.354266 0.420700
vt 0.345721 0.420700
vt 0.362689 0.420700
vt 0.721249 0.531739
vt 0.729760 0.531739
vt 0.704388 0.530007
vt 0.712639 0.531739
vt 0.344697 0.423062
vt 0.352786 0.425228
vt 0.344051 0.425228
vt 0.353385 0.423062
vt 0.361186 0.425228
vt 0.361783 0.423062
vt 0.728474 0.536160
vt 0.720478 0.534013
vt 0.719914 0.536160
vt 0.729005 0.534013
vt 0.711585 0.534013
vt 0.710859 0.536160
vt 0.702685 0.534013
vt 0.702202 0.536160
vt 0.703958 0.531739
vt 0.347338 0.404763
vt 0.354625 0.403089
vt 0.355540 0.404763
vt 0.363036 0.403089
vt 0.363857 0.404763
vt 0.729505 0.514271
vt 0.721648 0.515968
vt 0.729925 0.515968
vt 0.721121 0.514271
vt 0.713563 0.515968
vt 0.712734 0.514271
vt 0.705556 0.515968
vt 0.348705 0.407981
vt 0.356636 0.407981
vt 0.722305 0.519142
vt 0.706913 0.519142
vt 0.714521 0.519142
vt 0.364841 0.407981
vt 0.730436 0.519142
vt 0.346197 0.403089
vt 0.354121 0.400925
vt 0.362450 0.400925
vt 0.728982 0.512131
vt 0.720661 0.512131
vt 0.712330 0.512131
vt 0.704416 0.514271
vt 0.710996 0.507157
vt 0.704002 0.512131
vt 0.702766 0.507157
vt 0.709683 0.502885
vt 0.701568 0.502885
vt 0.708207 0.498343
vt 0.700284 0.498344
vt 0.699018 0.493867
vt 0.705488 0.491028
vt 0.697976 0.491028
vt 0.706750 0.493867
vt 0.719019 0.507157
vt 0.717546 0.502885
vt 0.715984 0.498343
vt 0.713253 0.491028
vt 0.714530 0.493867
vt 0.726787 0.507157
vt 0.724996 0.502885
vt 0.723299 0.498343
vt 0.720836 0.491028
vt 0.721905 0.493867
vt 0.360551 0.395742
vt 0.352801 0.395742
vt 0.359072 0.391370
vt 0.351651 0.391370
vt 0.357723 0.386701
vt 0.350444 0.386701
vt 0.349317 0.382114
vt 0.355858 0.379237
vt 0.356651 0.382114
vt 0.345769 0.400925
vt 0.344708 0.395742
vt 0.343738 0.391370
vt 0.342695 0.386701
vt 0.341672 0.382114
vt 0.348324 0.379237
vt 0.340811 0.379237
vt 0.312252 0.375866
vt 0.340197 0.375866
vt 0.703781 0.487917
vt 0.696330 0.487917
vt 0.711560 0.487917
vt 0.719003 0.487917
vt 0.347733 0.375866
vt 0.355116 0.375866
vt 0.995740 0.530179
vt 0.998923 0.527327
vt 0.998044 0.532899
vt 0.994680 0.535255
vt 0.995376 0.538159
vt 0.992081 0.539253
vt 0.991212 0.542331
vt 0.987929 0.541765
vt 0.985956 0.545002
vt 0.982996 0.542899
vt 0.980133 0.545923
vt 0.971376 0.543309
vt 0.958139 0.545927
vt 0.677582 0.487917
vt 0.996141 0.518557
vt 0.998920 0.512838
vt 0.962412 0.509498
vt 0.041910 0.536160
vt 0.096011 0.930004
vt 0.905953 0.618536
vt 0.905997 0.929907
vt 0.579015 0.357405
vt 0.630178 0.326805
vt 0.639826 0.354105
vt 0.577205 0.328211
vt 0.621484 0.299821
vt 0.576077 0.299844
vt 0.615462 0.273916
vt 0.576708 0.273424
vt 0.612743 0.246339
vt 0.585425 0.218857
vt 0.614057 0.219372
vt 0.594222 0.190777
vt 0.619290 0.191283
vt 0.651074 0.363034
vt 0.644638 0.338020
vt 0.652491 0.335599
vt 0.646805 0.310587
vt 0.653713 0.309035
vt 0.648583 0.284343
vt 0.654633 0.283973
vt 0.650088 0.256211
vt 0.655402 0.256838
vt 0.655986 0.229113
vt 0.651368 0.227670
vt 0.656446 0.198390
vt 0.389568 0.217485
vt 0.382189 0.189153
vt 0.397737 0.189118
vt 0.387124 0.244972
vt 0.371419 0.217350
vt 0.366967 0.271784
vt 0.390450 0.272749
vt 0.372891 0.296657
vt 0.398638 0.297972
vt 0.412373 0.322853
vt 0.396750 0.346226
vt 0.383850 0.321586
vt 0.376088 0.346213
vt 0.364210 0.321234
vt 0.354470 0.296032
vt 0.349733 0.270976
vt 0.366306 0.244461
vt 0.356923 0.216354
vt 0.369337 0.188060
vt 0.487482 0.217374
vt 0.489592 0.188083
vt 0.501983 0.216375
vt 0.492575 0.244479
vt 0.508412 0.243574
vt 0.509146 0.270992
vt 0.504343 0.296051
vt 0.491882 0.271804
vt 0.482797 0.346157
vt 0.474741 0.321628
vt 0.494565 0.321252
vt 0.485698 0.296694
vt 0.476758 0.189186
vt 0.469317 0.217514
vt 0.461198 0.189151
vt 0.471738 0.244995
vt 0.468143 0.272793
vt 0.459030 0.298055
vt 0.445501 0.322918
vt 0.462134 0.346203
vt 0.659580 0.362147
vt 0.666690 0.335664
vt 0.668216 0.363175
vt 0.659521 0.334636
vt 0.665378 0.309067
vt 0.659470 0.308379
vt 0.664412 0.283981
vt 0.659443 0.283801
vt 0.663601 0.256814
vt 0.659425 0.229758
vt 0.663017 0.229069
vt 0.659464 0.199289
vt 0.662628 0.198331
vt 0.662284 0.162998
vt 0.659590 0.129555
vt 0.662037 0.128944
vt 0.659650 0.097559
vt 0.662385 0.097169
vt 0.659754 0.066796
vt 0.661941 0.066841
vt 0.661843 0.036537
vt 0.625402 0.037996
vt 0.633795 0.007230
vt 0.636313 0.038090
vt 0.411160 0.036290
vt 0.412540 0.007209
vt 0.417866 0.036714
vt 0.658066 0.007094
vt 0.657825 0.036538
vt 0.657132 0.036607
vt 0.440940 0.036732
vt 0.439652 0.007763
vt 0.446210 0.007219
vt 0.419100 0.007742
vt 0.447558 0.036311
vt 0.451380 0.006984
vt 0.605977 0.159588
vt 0.627675 0.160225
vt 0.386296 0.157148
vt 0.397420 0.158196
vt 0.652328 0.196479
vt 0.656896 0.163039
vt 0.461454 0.158215
vt 0.410384 0.158265
vt 0.472581 0.157165
vt 0.659531 0.163884
vt 0.661487 0.007039
vt 0.659904 0.036324
vt 0.660077 0.006838
vt 0.448077 0.127755
vt 0.448490 0.158283
vt 0.437443 0.128094
vt 0.440193 0.097562
vt 0.431190 0.098081
vt 0.433725 0.037297
vt 0.438292 0.067217
vt 0.430376 0.067787
vt 0.616011 0.128990
vt 0.634717 0.129824
vt 0.622386 0.098930
vt 0.638273 0.099804
vt 0.638296 0.069322
vt 0.625040 0.068692
vt 0.410798 0.127735
vt 0.421430 0.128073
vt 0.418677 0.097540
vt 0.427671 0.098055
vt 0.428465 0.067757
vt 0.420558 0.067196
vt 0.425073 0.037268
vt 0.401336 0.126823
vt 0.410338 0.096855
vt 0.412964 0.066668
vt 0.653251 0.161270
vt 0.657237 0.128961
vt 0.653892 0.127742
vt 0.656705 0.097118
vt 0.654750 0.096831
vt 0.657614 0.066824
vt 0.457508 0.126839
vt 0.448458 0.096869
vt 0.445772 0.066691
vt 0.596474 0.068113
vt 0.581902 0.083791
vt 0.561773 0.063670
vt 0.659408 0.257100
vt 0.658570 0.007030
vt 0.674299 0.337922
vt 0.676885 0.365594
vt 0.672051 0.310528
vt 0.670252 0.284327
vt 0.668726 0.256211
vt 0.667499 0.227672
vt 0.666641 0.196473
vt 0.665824 0.161293
vt 0.665273 0.127776
vt 0.664491 0.096873
vt 0.663503 0.066873
vt 0.662575 0.036617
vt 0.662020 0.007115
vt 0.571877 0.356657
vt 0.521332 0.326282
vt 0.573625 0.328056
vt 0.530184 0.299348
vt 0.574811 0.299801
vt 0.535945 0.273384
vt 0.574407 0.273034
vt 0.538593 0.245800
vt 0.571489 0.245276
vt 0.565872 0.218389
vt 0.537338 0.218830
vt 0.557161 0.190302
vt 0.545370 0.159087
vt 0.532139 0.190734
vt 0.523758 0.159675
vt 0.535374 0.128476
vt 0.516738 0.129269
vt 0.529049 0.098406
vt 0.513242 0.068762
vt 0.526459 0.068162
vt 0.515280 0.037533
vt 0.526170 0.037465
vt 0.517854 0.006677
vt 0.526815 0.007345
vt 0.581862 0.043523
vt 0.596340 0.059341
vt 0.032571 0.587479
vt 0.034273 0.576682
vt 0.079235 0.599312
vt 0.039224 0.566935
vt 0.046957 0.559211
vt 0.056709 0.554262
vt 0.067039 0.552629
vt 0.967640 0.576561
vt 0.969345 0.587357
vt 0.922684 0.599203
vt 0.962686 0.566816
vt 0.954952 0.559094
vt 0.945199 0.554147
vt 0.934868 0.552517
vt 0.034325 0.971980
vt 0.032619 0.961183
vt 0.079280 0.949337
vt 0.039278 0.981725
vt 0.047013 0.989447
vt 0.056766 0.994394
vt 0.067097 0.996023
vt 0.969394 0.961062
vt 0.967691 0.971859
vt 0.922729 0.949228
vt 0.962740 0.981605
vt 0.955007 0.989329
vt 0.945256 0.994278
vt 0.934925 0.995911
vt 0.012515 0.466658
vt 0.254541 0.347248
vt 0.060058 0.007875
vt 0.277520 0.006981
vt 0.081757 0.063530
vt 0.120366 0.096788
vt 0.086258 0.069504
vt 0.173618 0.353432
vt 0.120362 0.030495
vt 0.086354 0.057762
vt 0.723858 0.466658
vt 0.037303 0.425228
vt 0.702365 0.480379
vt 0.044596 0.375866
vt 0.013491 0.522195
vt 0.014350 0.531739
vt 0.697037 0.375383
vt 0.730620 0.522195
vt 0.095967 0.618633
vt 0.579707 0.245730
vt 0.642218 0.365598
vt 0.428528 0.347248
vt 0.350467 0.243557
vt 0.430349 0.347248
vt 0.624831 0.007875
vt 0.407369 0.006981
vt 0.655906 0.066847
vt 0.599677 0.063530
vt 0.595176 0.069504
vt 0.561068 0.096788
vt 0.511271 0.353432
vt 0.513216 0.099244
vt 0.561073 0.030495
vt 0.595081 0.057762
s 1
usemtl pasted__phong1SG
f 7/1/1 362/2/2 355/3/3
f 32/4/4 368/5/5 20/6/6
f 49/7/7 404/8/8 56/9/9
f 97/10/10 444/11/11 96/12/12
f 95/13/13 444/11/11 443/14/14
f 94/15/15 416/16/16 68/17/17
f 95/13/13 442/18/18 94/15/15
f 68/17/19 461/19/20 113/20/20
f 112/21/21 1/22/22 346/23/23
f 7/1/1 15/24/24 14/25/25
f 6/26/26 16/27/27 15/24/24
f 5/28/28 17/29/29 16/30/27
f 3/31/30 17/29/29 4/32/31
f 2/33/32 18/34/33 3/31/30
f 6/26/26 12/35/34 11/36/35
f 5/37/28 11/36/35 10/38/36
f 4/32/31 10/39/36 9/40/37
f 3/31/30 13/41/38 2/33/32
f 4/32/31 8/42/39 3/31/30
f 11/36/35 38/43/40 39/44/41
f 10/38/36 39/44/41 40/45/42
f 10/39/36 41/46/43 9/40/37
f 8/42/39 43/47/44 13/41/38
f 9/40/37 42/48/45 8/42/39
f 14/25/46 21/49/47 20/6/48
f 15/24/49 22/50/50 21/49/47
f 16/30/51 23/51/52 22/52/50
f 18/34/53 23/51/52 17/29/54
f 19/53/55 24/54/56 18/34/53
f 32/4/4 27/55/57 26/56/58
f 33/57/59 20/6/6 21/49/60
f 33/57/59 28/58/61 27/55/57
f 34/59/62 21/49/60 22/50/63
f 28/60/61 35/61/64 29/62/65
f 34/63/62 23/51/66 35/61/64
f 29/62/65 36/64/67 30/65/68
f 35/61/64 24/54/69 36/64/67
f 30/65/68 37/66/70 31/67/71
f 36/64/67 25/68/72 37/66/70
f 49/7/7 57/69/73 48/70/74
f 48/70/74 58/71/75 47/72/76
f 58/73/75 46/74/77 47/75/76
f 59/76/78 45/77/79 46/74/77
f 60/78/80 44/79/81 45/77/79
f 48/70/74 54/80/82 49/7/7
f 47/72/76 53/81/83 48/70/74
f 51/82/84 47/75/76 46/74/77
f 55/83/85 45/77/79 44/79/81
f 50/84/86 46/74/77 45/77/79
f 53/81/83 38/43/40 54/80/82
f 52/85/87 39/44/41 53/81/83
f 41/46/43 52/86/87 51/82/84
f 43/47/44 50/84/86 55/83/85
f 42/48/45 51/82/84 50/84/86
f 56/9/88 63/87/89 57/69/90
f 57/69/90 64/88/91 58/71/92
f 64/89/91 59/76/93 58/73/92
f 65/90/94 60/78/95 59/76/93
f 66/91/96 61/92/97 60/78/95
f 81/93/98 67/94/99 66/91/100
f 77/95/101 80/96/102 76/97/103
f 76/97/103 79/98/104 75/99/105
f 74/100/106 72/101/107 73/102/108
f 75/99/105 78/103/109 74/100/106
f 85/104/110 66/91/100 65/90/111
f 81/93/98 84/105/112 80/96/102
f 80/96/102 83/106/113 79/98/104
f 78/103/109 71/107/114 72/101/107
f 79/98/104 82/108/115 78/103/109
f 89/109/116 65/90/111 64/89/117
f 85/104/110 88/110/118 84/105/112
f 84/105/112 87/111/119 83/106/113
f 82/108/115 70/112/120 71/107/114
f 83/106/113 86/113/121 82/108/115
f 89/114/116 63/87/122 93/115/123
f 88/116/118 93/115/123 92/117/124
f 87/118/119 92/117/124 91/119/125
f 90/120/126 70/121/120 86/122/121
f 86/122/121 91/119/125 90/120/126
f 93/115/123 62/123/127 97/10/10
f 92/117/124 97/10/10 96/12/12
f 91/119/125 96/12/12 95/13/13
f 94/15/15 69/124/128 90/120/126
f 90/120/126 95/13/13 94/15/15
f 68/17/19 113/20/20 98/125/129
f 73/102/130 100/126/131 99/127/132
f 72/101/133 101/128/134 100/126/131
f 71/107/135 102/129/136 101/128/134
f 70/121/137 103/130/138 102/131/136
f 68/17/19 103/130/138 69/124/139
f 110/132/140 99/133/141 100/134/142
f 109/135/143 100/134/142 101/136/144
f 108/137/145 101/136/144 102/138/146
f 107/139/147 102/138/146 103/140/148
f 106/141/149 103/140/148 98/142/150
f 98/142/150 105/143/151 106/141/149
f 113/144/152 105/143/151 98/142/150
f 73/102/130 99/127/132 114/145/153
f 111/146/154 114/147/155 99/133/141
f 224/148/156 104/149/157 223/150/158
f 225/151/159 127/152/160 224/148/156
f 226/153/161 128/154/162 225/151/159
f 227/155/163 129/156/164 226/153/161
f 227/155/163 131/157/165 130/158/166
f 228/159/167 132/160/168 131/157/165
f 109/161/169 145/162/170 110/163/171
f 199/164/172 146/165/173 145/162/170
f 200/166/174 147/167/175 146/165/173
f 201/168/176 148/169/177 147/167/175
f 203/170/178 148/169/177 202/171/179
f 204/172/180 149/173/181 203/170/178
f 131/174/182 138/175/183 137/176/184
f 130/177/185 137/176/184 136/178/186
f 130/177/185 135/179/187 129/180/188
f 129/180/188 134/181/189 128/182/190
f 127/183/191 105/184/192 104/185/193
f 128/182/190 133/186/194 127/183/191
f 133/186/194 106/187/195 105/184/192
f 134/181/189 144/188/196 133/186/194
f 135/179/187 143/189/197 134/181/189
f 136/178/186 142/190/198 135/179/187
f 136/178/186 140/191/199 141/192/200
f 137/176/184 139/193/201 140/191/199
f 150/194/202 155/195/203 149/196/204
f 149/196/204 154/197/205 148/198/206
f 147/199/207 154/197/205 153/200/208
f 146/201/209 153/200/208 152/202/210
f 151/203/211 110/204/212 145/205/213
f 145/205/213 152/202/210 151/203/211
f 122/206/214 156/207/215 121/208/216
f 123/209/217 155/195/203 122/206/214
f 123/209/217 153/200/208 154/197/205
f 124/210/218 152/202/210 153/200/208
f 125/211/219 151/203/211 152/202/210
f 126/212/220 111/213/221 151/203/211
f 211/214/222 108/215/223 107/216/224
f 212/217/225 157/218/226 211/214/222
f 213/219/227 158/220/228 212/217/225
f 214/221/229 159/222/230 213/219/227
f 214/221/229 161/223/231 160/224/232
f 215/225/233 162/226/234 161/223/231
f 217/227/235 185/228/236 184/229/237
f 218/230/238 186/231/239 185/228/236
f 219/232/240 187/233/241 186/231/239
f 221/234/242 187/233/241 220/235/243
f 235/236/244 169/237/245 234/238/246
f 119/239/247 179/240/248 174/241/249
f 209/242/250 117/243/251 189/244/252
f 194/245/253 115/246/254 164/247/255
f 116/248/256 174/241/249 169/249/257
f 120/250/258 189/251/259 117/252/260
f 229/253/261 173/254/262 132/160/168
f 138/175/183 183/255/263 139/193/201
f 150/256/264 205/257/265 193/258/266
f 198/259/267 121/208/216 156/207/215
f 178/260/268 132/261/269 173/262/270
f 193/263/271 156/207/215 150/194/202
f 184/229/237 216/264/272 217/227/235
f 188/265/273 222/266/274 163/267/275
f 168/268/276 197/269/277 167/270/278
f 167/270/278 196/271/279 166/272/280
f 164/247/255 195/273/281 194/245/253
f 165/274/282 196/271/279 195/273/281
f 230/275/283 172/276/284 173/254/262
f 231/277/285 171/278/286 172/276/284
f 233/279/287 171/278/286 232/280/288
f 234/238/246 170/281/289 233/279/287
f 173/262/270 177/282/290 178/260/268
f 172/283/291 176/284/292 177/282/290
f 170/285/293 176/284/292 171/286/294
f 169/249/257 175/287/295 170/285/293
f 178/260/268 182/288/296 183/255/263
f 177/282/290 181/289/297 182/288/296
f 176/284/292 180/290/298 181/289/297
f 174/241/249 180/290/298 175/287/295
f 206/291/299 193/258/266 205/257/265
f 207/292/300 192/293/301 206/291/299
f 208/294/302 191/295/303 207/292/300
f 208/294/302 189/244/252 190/296/304
f 192/297/305 198/259/267 193/263/271
f 191/298/306 197/269/277 192/297/305
f 190/299/307 196/271/279 191/298/306
f 190/299/307 194/245/253 195/273/281
f 235/300/22 120/301/22 210/302/22
f 108/215/223 199/164/172 109/161/169
f 157/218/226 200/166/174 199/164/172
f 158/220/228 201/168/176 200/166/174
f 159/222/230 202/171/179 201/168/176
f 161/223/231 202/171/179 160/224/232
f 162/226/234 203/170/178 161/223/231
f 204/172/180 184/229/237 205/257/265
f 185/228/236 205/257/265 184/229/237
f 186/231/239 206/291/299 185/228/236
f 187/233/241 207/292/300 186/231/239
f 187/233/241 209/242/250 208/294/302
f 210/303/308 188/265/273 163/267/275
f 144/304/309 107/216/224 106/305/310
f 143/306/311 211/214/222 144/304/309
f 142/307/312 212/217/225 143/306/311
f 141/308/313 213/219/227 142/307/312
f 141/308/313 215/225/233 214/221/229
f 140/309/314 216/264/272 215/225/233
f 217/227/235 139/310/315 183/311/316
f 183/311/316 218/230/238 217/227/235
f 182/312/317 219/232/240 218/230/238
f 181/313/318 220/235/243 219/232/240
f 179/314/319 220/235/243 180/315/320
f 221/234/242 118/316/321 222/266/274
f 112/21/21 223/317/22 1/22/22
f 7/1/1 360/318/322 12/35/34
f 20/6/48 362/2/323 14/25/46
f 54/80/82 397/319/324 49/7/7
f 38/43/40 402/320/325 54/80/82
f 62/123/127 445/321/326 97/10/10
f 113/144/152 452/322/327 104/323/328
f 224/324/329 112/325/330 126/326/331
f 126/326/331 225/327/332 224/324/329
f 125/328/333 226/329/334 225/327/332
f 124/330/335 227/331/336 226/329/334
f 122/332/337 227/331/336 123/333/338
f 121/334/339 228/335/340 122/332/337
f 168/336/341 229/337/342 121/334/339
f 167/338/343 230/339/344 168/336/341
f 166/340/345 231/341/346 167/338/343
f 166/340/345 233/342/347 232/343/348
f 165/344/349 234/345/350 233/342/347
f 235/346/351 164/347/352 115/348/353
f 235/300/22 222/349/22 119/350/22
f 1/22/22 104/323/328 452/322/327
f 241/351/354 249/352/355 240/353/356
f 240/353/356 250/354/357 239/355/358
f 239/355/358 251/356/359 238/357/360
f 251/358/359 237/359/361 238/360/360
f 252/361/362 236/362/363 237/359/361
f 240/353/356 246/363/364 241/351/354
f 239/355/358 245/364/365 240/353/356
f 238/357/360 244/365/366 239/355/358
f 247/366/367 237/359/361 236/362/363
f 242/367/368 238/360/360 237/359/361
f 245/364/365 272/368/369 246/363/364
f 244/365/366 273/369/370 245/364/365
f 275/370/371 244/365/366 243/371/372
f 277/372/373 242/367/368 247/366/367
f 276/373/374 243/374/372 242/367/368
f 248/375/375 255/376/376 249/352/377
f 249/352/377 256/377/378 250/354/379
f 250/354/379 257/378/380 251/356/381
f 257/379/380 252/361/382 251/358/381
f 258/380/383 253/381/384 252/361/382
f 261/382/385 266/383/386 260/384/387
f 267/385/388 254/386/389 266/383/386
f 262/387/390 267/385/388 261/382/385
f 268/388/391 255/376/392 267/385/388
f 262/387/390 269/389/393 268/388/391
f 257/378/394 268/388/391 269/389/393
f 263/390/395 270/391/396 269/392/393
f 258/380/397 269/392/393 270/391/396
f 264/393/398 271/394/399 270/391/396
f 259/395/400 270/391/396 271/394/399
f 283/396/401 291/397/402 290/398/403
f 282/399/404 292/400/405 291/397/402
f 280/401/406 292/400/405 281/402/407
f 279/403/408 293/404/409 280/405/406
f 278/406/410 294/407/411 279/403/408
f 282/399/404 288/408/412 287/409/413
f 281/402/407 287/409/413 286/410/414
f 281/402/407 285/411/415 280/401/406
f 279/403/408 289/412/416 278/406/410
f 280/405/406 284/413/417 279/403/408
f 287/409/413 272/368/369 273/369/370
f 286/410/414 273/369/370 274/414/418
f 286/410/414 275/370/371 285/411/415
f 284/413/417 277/372/373 289/412/416
f 285/415/415 276/373/374 284/413/417
f 290/398/419 297/416/420 296/417/421
f 291/397/422 298/418/423 297/416/420
f 293/419/424 298/418/423 292/400/425
f 294/407/426 299/420/427 293/404/424
f 295/421/428 300/422/429 294/407/426
f 315/423/430 301/424/431 311/425/432
f 314/426/433 311/425/432 310/427/434
f 313/428/435 310/427/434 309/429/436
f 308/430/437 306/431/438 312/432/439
f 312/432/439 309/429/436 308/430/437
f 319/433/440 300/422/441 315/423/430
f 318/434/442 315/423/430 314/426/433
f 317/435/443 314/426/433 313/428/435
f 312/432/439 305/436/444 316/437/445
f 316/437/445 313/428/435 312/432/439
f 323/438/446 299/439/447 319/440/440
f 322/441/448 319/440/440 318/442/442
f 321/443/449 318/442/442 317/444/443
f 316/445/445 304/446/450 320/447/451
f 320/447/451 317/444/443 316/445/445
f 297/416/452 323/438/446 327/448/453
f 322/441/448 327/448/453 323/438/446
f 321/443/449 326/449/454 322/441/448
f 304/446/450 324/450/455 320/447/451
f 320/447/451 325/451/456 321/443/449
f 296/417/457 327/448/453 331/452/458
f 326/449/454 331/452/458 327/448/453
f 325/451/456 330/453/459 326/449/454
f 303/454/460 328/455/461 324/450/455
f 324/450/455 329/456/462 325/451/456
f 302/457/463 332/458/464 347/459/465
f 307/460/466 334/461/467 306/431/468
f 306/431/468 335/462/469 305/436/470
f 305/463/470 336/464/471 304/446/472
f 304/446/472 337/465/473 303/454/474
f 337/465/473 302/457/463 303/454/474
f 333/466/475 344/467/476 334/468/477
f 334/468/477 343/469/478 335/470/479
f 335/470/479 342/471/480 336/472/481
f 336/472/481 341/473/482 337/474/483
f 337/474/483 340/475/484 332/476/485
f 332/476/485 340/475/484 339/477/486
f 347/478/487 339/477/486 338/479/488
f 307/460/466 348/480/153 333/481/489
f 348/482/490 345/483/491 333/466/475
f 349/484/22 1/22/22 338/479/488
f 271/394/399 31/67/71 37/66/70
f 259/395/400 37/66/70 25/68/72
f 253/381/384 25/68/492 19/53/55
f 236/362/363 19/53/493 2/33/32
f 247/366/367 2/33/32 13/41/38
f 43/47/44 247/366/367 13/41/38
f 289/412/416 43/47/44 55/83/85
f 278/406/410 55/83/85 44/79/81
f 295/421/494 44/79/81 61/92/495
f 301/424/496 61/92/97 67/94/497
f 311/425/432 67/94/99 77/95/101
f 310/427/434 77/95/101 76/97/103
f 309/429/436 76/97/103 75/99/105
f 308/430/437 75/99/105 74/100/106
f 73/102/108 308/430/437 74/100/106
f 348/480/153 73/102/130 114/145/153
f 346/23/23 114/147/155 112/21/21
f 338/479/488 1/22/22 566/485/498
f 460/486/499 574/487/500 1/22/22
f 355/3/3 363/488/501 354/489/502
f 354/489/502 364/490/503 353/491/504
f 353/492/504 365/493/505 352/494/506
f 365/493/505 351/495/507 352/494/506
f 366/496/508 350/497/509 351/495/507
f 354/489/502 360/318/322 355/3/3
f 353/491/504 359/498/510 354/489/502
f 352/494/506 358/499/511 353/492/504
f 361/500/512 351/495/507 350/497/509
f 356/501/513 352/494/506 351/495/507
f 359/498/510 386/502/514 360/318/322
f 358/503/511 387/504/515 359/498/510
f 389/505/516 358/499/511 357/506/517
f 391/507/518 356/501/513 361/500/512
f 390/508/519 357/506/517 356/501/513
f 362/2/323 369/509/520 363/488/521
f 363/488/521 370/510/522 364/490/523
f 364/511/523 371/512/524 365/493/525
f 371/512/524 366/496/526 365/493/525
f 372/513/527 367/514/528 366/496/526
f 375/515/529 380/516/530 374/517/531
f 381/518/532 368/5/5 380/516/530
f 376/519/533 381/518/532 375/515/529
f 382/520/534 369/509/535 381/518/532
f 376/521/533 383/522/536 382/523/534
f 371/512/537 382/523/534 383/522/536
f 377/524/538 384/525/539 383/522/536
f 372/513/540 383/522/536 384/525/539
f 378/526/541 385/527/542 384/525/539
f 373/528/543 384/525/539 385/527/542
f 397/319/324 405/529/544 404/8/8
f 396/530/545 406/531/546 405/529/544
f 394/532/547 406/533/546 395/534/548
f 393/535/549 407/536/550 394/532/547
f 392/537/551 408/538/552 393/535/549
f 396/530/545 402/320/325 401/539/553
f 395/540/548 401/539/553 400/541/554
f 395/534/548 399/542/555 394/532/547
f 393/535/549 403/543/556 392/537/551
f 394/532/547 398/544/557 393/535/549
f 401/539/553 386/502/514 387/504/515
f 400/541/554 387/504/515 388/545/558
f 400/546/554 389/505/516 399/542/555
f 398/544/557 391/507/518 403/543/556
f 399/542/555 390/508/519 398/544/557
f 404/8/559 411/547/560 410/548/561
f 405/529/562 412/549/563 411/547/560
f 407/536/564 412/550/563 406/533/565
f 408/538/566 413/551/567 407/536/564
f 409/552/568 414/553/569 408/538/566
f 429/554/570 415/555/571 425/556/572
f 428/557/573 425/556/572 424/558/574
f 427/559/575 424/558/574 423/560/576
f 422/561/577 420/562/578 426/563/579
f 426/563/579 423/560/576 422/561/577
f 433/564/580 414/553/581 429/554/570
f 432/565/582 429/554/570 428/557/573
f 431/566/583 428/557/573 427/559/575
f 426/563/579 419/567/584 430/568/585
f 430/568/585 427/559/575 426/563/579
f 437/569/586 413/551/587 433/564/580
f 436/570/588 433/564/580 432/565/582
f 435/571/589 432/565/582 431/566/583
f 430/568/585 418/572/590 434/573/591
f 434/573/591 431/566/583 430/568/585
f 411/547/592 437/574/586 441/575/593
f 436/576/588 441/575/593 437/574/586
f 435/577/589 440/578/594 436/576/588
f 418/579/590 438/580/595 434/581/591
f 434/581/591 439/582/596 435/577/589
f 410/548/597 441/575/593 445/321/326
f 440/578/594 445/321/326 441/575/593
f 439/582/596 444/11/11 440/578/594
f 417/583/598 442/18/18 438/580/595
f 438/580/595 443/14/14 439/582/596
f 416/16/599 446/584/600 461/19/20
f 421/585/601 448/586/602 420/562/603
f 420/562/603 449/587/604 419/567/605
f 419/567/605 450/588/606 418/572/607
f 418/579/607 451/589/608 417/583/609
f 451/589/608 416/16/599 417/583/609
f 447/590/610 458/591/611 448/592/612
f 448/592/612 457/593/613 449/594/614
f 449/594/614 456/595/615 450/596/616
f 450/596/616 455/597/617 451/598/618
f 451/598/618 454/599/619 446/600/620
f 446/600/620 454/599/619 453/601/621
f 461/602/622 453/601/621 452/322/327
f 421/585/601 462/603/623 447/604/624
f 462/605/625 459/606/626 447/590/610
f 460/486/499 1/22/22 463/607/22
f 469/608/627 477/609/628 476/610/629
f 468/611/630 478/612/631 477/609/628
f 467/613/632 479/614/633 478/615/631
f 465/616/634 479/614/633 466/617/635
f 464/618/636 480/619/637 465/616/634
f 468/611/630 474/620/638 473/621/639
f 467/622/632 473/621/639 472/623/640
f 466/617/635 472/624/640 471/625/641
f 465/616/634 475/626/642 464/618/636
f 466/617/635 470/627/643 465/616/634
f 473/621/639 500/628/644 501/629/645
f 472/623/640 501/629/645 502/630/646
f 472/624/640 503/631/647 471/625/641
f 470/627/643 505/632/648 475/626/642
f 471/625/641 504/633/649 470/627/643
f 476/610/650 483/634/651 482/635/652
f 477/609/653 484/636/654 483/634/651
f 478/615/655 485/637/656 484/638/654
f 480/619/657 485/637/656 479/614/658
f 481/639/659 486/640/660 480/619/657
f 494/641/661 489/642/662 488/643/663
f 495/644/664 482/635/665 483/634/666
f 495/644/664 490/645/667 489/642/662
f 496/646/668 483/634/666 484/636/669
f 490/647/667 497/648/670 491/649/671
f 496/650/668 485/637/672 497/648/670
f 491/649/671 498/651/673 492/652/674
f 497/648/670 486/640/675 498/651/673
f 492/652/674 499/653/676 493/654/677
f 498/651/673 487/655/678 499/653/676
f 511/656/679 519/657/680 510/658/681
f 510/658/681 520/659/682 509/660/683
f 520/661/682 508/662/684 509/663/683
f 521/664/685 507/665/686 508/662/684
f 522/666/687 506/667/688 507/665/686
f 510/658/681 516/668/689 511/656/679
f 509/660/683 515/669/690 510/658/681
f 513/670/691 509/663/683 508/662/684
f 517/671/692 507/665/686 506/667/688
f 512/672/693 508/662/684 507/665/686
f 515/669/690 500/628/644 516/668/689
f 514/673/694 501/629/645 515/669/690
f 503/631/647 514/674/694 513/670/691
f 505/632/648 512/672/693 517/671/692
f 504/633/649 513/670/691 512/672/693
f 518/675/695 525/676/696 519/657/697
f 519/657/697 526/677/698 520/659/699
f 526/678/698 521/664/700 520/661/699
f 527/679/701 522/666/702 521/664/700
f 528/680/703 523/681/704 522/666/702
f 543/682/705 529/683/706 528/680/707
f 539/684/708 542/685/709 538/686/710
f 538/686/710 541/687/711 537/688/712
f 536/689/713 534/690/714 535/691/715
f 537/688/712 540/692/716 536/689/713
f 547/693/717 528/680/707 527/679/718
f 543/682/705 546/694/719 542/685/709
f 542/685/709 545/695/720 541/687/711
f 540/692/716 533/696/721 534/690/714
f 541/687/711 544/697/722 540/692/716
f 551/698/723 527/679/718 526/678/724
f 547/693/717 550/699/725 546/694/719
f 546/694/719 549/700/726 545/695/720
f 544/697/722 532/701/727 533/696/721
f 545/695/720 548/702/728 544/697/722
f 551/703/723 525/676/729 555/704/730
f 550/705/725 555/704/730 554/706/731
f 549/707/726 554/706/731 553/708/732
f 552/709/733 532/710/727 548/711/728
f 548/711/728 553/708/732 552/709/733
f 555/704/730 524/712/734 559/713/735
f 554/706/731 559/713/735 558/714/736
f 553/708/732 558/714/736 557/715/737
f 556/716/738 531/717/739 552/709/733
f 552/709/733 557/715/737 556/716/738
f 530/718/740 575/719/465 560/720/741
f 535/691/742 562/721/743 561/722/744
f 534/690/745 563/723/746 562/721/743
f 533/696/747 564/724/748 563/723/746
f 532/710/749 565/725/750 564/726/748
f 530/718/740 565/725/750 531/717/751
f 572/727/752 561/728/753 562/729/754
f 571/730/755 562/729/754 563/731/756
f 570/732/757 563/731/756 564/733/758
f 569/734/759 564/733/758 565/735/760
f 568/736/761 565/735/760 560/737/762
f 560/737/762 567/738/763 568/736/761
f 575/739/764 567/738/763 560/737/762
f 535/691/742 561/722/744 576/740/623
f 573/741/765 576/742/766 561/728/753
f 1/22/22 577/743/22 566/485/498
f 379/744/767 499/653/676 385/527/542
f 385/527/542 487/655/678 373/528/543
f 373/528/768 481/639/659 367/514/528
f 367/514/769 464/618/636 350/497/509
f 350/497/509 475/626/642 361/500/512
f 361/500/512 505/632/648 391/507/518
f 391/507/518 517/671/692 403/543/556
f 403/543/556 506/667/688 392/537/551
f 392/537/551 523/681/770 409/552/771
f 409/552/568 529/683/772 415/555/773
f 415/555/571 539/684/708 425/556/572
f 425/556/572 538/686/710 424/558/574
f 424/558/574 537/688/712 423/560/576
f 423/560/576 536/689/713 422/561/577
f 422/561/577 535/691/715 421/585/774
f 421/585/601 576/740/623 462/603/623
f 462/605/625 574/487/500 460/486/499
f 940/745/775 939/746/776 941/747/777
f 494/641/661 260/384/387 266/383/386
f 476/610/650 254/386/778 248/375/375
f 469/608/627 248/375/779 241/351/354
f 474/620/638 241/351/354 246/363/364
f 500/628/644 246/363/364 272/368/369
f 511/656/679 288/408/412 283/396/401
f 518/675/780 283/396/401 290/398/403
f 524/712/781 290/398/419 296/417/421
f 558/714/736 331/452/458 330/453/459
f 557/715/737 330/453/459 329/456/462
f 556/716/738 329/456/462 328/455/461
f 530/718/782 328/455/461 302/457/783
f 575/719/465 302/457/463 347/459/465
f 566/485/498 347/478/487 338/479/488
f 1/22/22 223/317/22 104/323/328
f 463/607/22 1/22/22 452/322/327
f 346/23/23 1/22/22 349/484/22
f 574/487/500 577/743/22 1/22/22
f 516/668/689 272/368/369 288/408/412
f 559/713/735 296/417/457 331/452/458
f 62/123/784 404/8/559 410/548/561
f 38/43/40 360/318/322 386/502/514
f 32/4/4 374/517/531 380/516/530
f 482/635/665 266/383/386 254/386/389
f 338/748/785 578/749/786 349/750/787
f 579/751/788 580/752/789 578/749/786
f 581/753/790 582/754/791 580/752/789
f 583/755/792 584/756/793 582/754/791
f 584/756/793 587/757/794 586/758/795
f 586/758/795 589/759/796 588/760/797
f 343/761/798 591/762/799 590/763/800
f 590/763/800 593/764/801 592/765/802
f 592/765/802 595/766/803 594/767/804
f 594/767/804 597/768/805 596/769/806
f 597/768/805 598/770/807 596/769/806
f 599/771/808 600/772/809 598/770/807
f 587/773/810 602/774/811 589/775/812
f 585/776/813 603/777/814 587/773/810
f 605/778/815 585/776/813 583/779/816
f 606/780/817 583/779/816 581/781/818
f 579/782/819 339/783/820 607/784/821
f 607/784/821 581/781/818 579/782/819
f 607/784/821 340/785/822 608/786/823
f 608/786/823 606/780/817 607/784/821
f 609/787/824 605/778/815 606/780/817
f 610/788/825 604/789/826 605/778/815
f 604/789/826 612/790/827 603/777/814
f 603/777/814 613/791/828 602/774/811
f 615/792/829 601/793/830 599/794/831
f 616/795/832 599/794/831 597/796/833
f 595/797/834 616/795/832 597/796/833
f 593/798/835 617/799/836 595/797/834
f 344/800/837 619/801/838 591/802/839
f 591/802/839 618/803/840 593/798/835
f 614/804/841 621/805/842 620/806/843
f 615/792/829 622/807/844 621/805/842
f 622/807/844 617/799/836 623/808/845
f 623/808/845 618/803/840 624/809/846
f 624/809/846 619/801/838 625/810/847
f 345/811/848 625/810/847 619/801/838
f 342/812/849 626/813/850 341/814/851
f 627/815/852 628/816/853 626/813/850
f 629/817/854 630/818/855 628/816/853
f 631/819/856 632/820/857 630/818/855
f 632/820/857 635/821/858 634/822/859
f 634/822/859 637/823/860 636/824/861
f 638/825/862 640/826/863 639/827/864
f 639/827/864 643/828/865 642/829/866
f 642/829/866 645/830/867 644/831/868
f 645/830/867 646/832/869 644/831/868
f 651/833/870 649/834/871 648/835/872
f 655/836/873 653/837/874 652/838/875
f 659/839/876 657/840/877 656/841/878
f 660/842/879 662/843/880 661/844/881
f 650/845/882 652/838/875 653/837/874
f 656/846/883 661/844/881 659/847/884
f 588/760/797 665/848/885 664/849/886
f 602/774/811 667/850/887 666/851/888
f 601/852/889 668/853/890 600/772/809
f 620/806/843 670/854/891 614/804/841
f 589/775/812 666/851/888 665/855/892
f 669/856/893 614/804/841 670/854/891
f 641/857/894 636/824/861 637/823/860
f 673/858/895 647/859/896 672/860/897
f 675/861/898 671/862/899 674/863/900
f 677/864/901 674/863/900 676/865/902
f 663/866/903 679/867/904 678/868/905
f 678/868/905 677/864/901 676/865/902
f 664/849/886 681/869/906 680/870/907
f 680/870/907 683/871/908 682/872/909
f 683/871/908 684/873/910 682/872/909
f 685/874/911 648/835/872 684/873/910
f 665/855/892 686/875/912 681/876/913
f 681/876/913 687/877/914 683/878/915
f 687/877/914 685/879/916 683/878/915
f 688/880/917 651/881/918 685/879/916
f 666/851/888 689/882/919 686/875/912
f 686/875/912 690/883/920 687/877/914
f 687/877/914 691/884/921 688/880/917
f 691/884/921 652/838/875 688/880/917
f 669/885/922 692/886/923 668/853/890
f 693/887/924 694/888/925 692/886/923
f 695/889/926 696/890/927 694/888/925
f 696/890/927 656/841/878 657/840/877
f 670/854/891 693/891/928 669/856/893
f 675/861/898 695/892/929 693/891/928
f 677/864/901 697/893/930 695/892/929
f 697/893/930 660/842/879 656/846/883
f 658/894/22 661/895/22 649/896/22
f 342/812/849 590/763/800 627/815/852
f 627/815/852 592/765/802 629/817/854
f 629/817/854 594/767/804 631/819/856
f 631/819/856 596/769/806 633/897/931
f 596/769/806 635/821/858 633/897/931
f 598/770/807 637/823/860 635/821/858
f 641/857/894 600/772/809 668/853/890
f 668/853/890 640/826/863 641/857/894
f 692/886/923 643/828/865 640/826/863
f 694/888/925 645/830/867 643/828/865
f 645/830/867 657/840/877 647/859/896
f 658/898/932 647/859/896 657/840/877
f 341/814/851 608/899/933 340/900/934
f 626/813/850 609/901/935 608/899/933
f 628/816/853 610/902/936 609/901/935
f 630/818/855 611/903/937 610/902/936
f 611/903/937 634/822/859 612/904/938
f 612/904/938 636/824/861 613/905/939
f 638/825/862 613/905/939 636/824/861
f 667/906/940 639/827/864 689/907/941
f 689/907/941 642/829/866 690/908/942
f 690/908/942 644/831/868 691/909/943
f 644/831/868 655/910/944 691/909/943
f 654/911/945 646/832/869 673/858/895
f 346/912/946 578/913/947 625/914/948
f 625/914/948 580/915/949 624/916/950
f 624/916/950 582/917/951 623/918/952
f 623/918/952 584/919/953 622/920/954
f 584/919/953 621/921/955 622/920/954
f 586/922/956 620/923/957 621/921/955
f 671/924/958 588/925/959 664/926/960
f 664/926/960 674/927/961 671/924/958
f 680/928/962 676/929/963 674/927/961
f 676/929/963 684/930/964 678/931/965
f 678/931/965 648/932/966 663/933/967
f 663/933/967 649/934/968 662/935/969
f 653/936/22 673/937/22 649/896/22
f 452/748/970 698/749/971 463/750/972
f 699/751/973 700/752/974 698/749/971
f 701/753/975 702/754/976 700/752/974
f 703/755/977 704/756/978 702/754/976
f 704/756/978 707/757/979 706/758/980
f 706/758/980 709/759/981 708/760/982
f 457/761/983 711/762/984 710/763/985
f 710/763/985 713/764/986 712/765/987
f 712/765/987 715/766/988 714/767/989
f 714/767/989 717/768/990 716/769/991
f 717/768/990 718/770/992 716/769/991
f 719/771/993 720/772/994 718/770/992
f 707/773/995 722/774/996 709/775/997
f 705/776/998 723/777/999 707/773/995
f 725/778/1000 705/776/998 703/779/1001
f 726/780/1002 703/779/1001 701/781/1003
f 699/782/1004 453/783/1005 727/784/1006
f 727/784/1006 701/781/1003 699/782/1004
f 727/784/1006 454/785/1007 728/786/1008
f 728/786/1008 726/780/1002 727/784/1006
f 729/787/1009 725/778/1000 726/780/1002
f 730/788/1010 724/789/1011 725/778/1000
f 724/789/1011 732/790/1012 723/777/999
f 723/777/999 733/791/1013 722/774/996
f 735/792/1014 721/793/1015 719/794/1016
f 736/795/1017 719/794/1016 717/796/1018
f 715/797/1019 736/795/1017 717/796/1018
f 713/798/1020 737/799/1021 715/797/1019
f 458/800/1022 739/801/1023 711/802/1024
f 711/802/1024 738/803/1025 713/798/1020
f 734/804/1026 741/805/1027 740/806/1028
f 735/792/1014 742/807/1029 741/805/1027
f 742/807/1029 737/799/1021 743/808/1030
f 743/808/1030 738/803/1025 744/809/1031
f 744/809/1031 739/801/1023 745/810/1032
f 459/811/1033 745/810/1032 739/801/1023
f 456/812/1034 746/813/1035 455/814/1036
f 747/815/1037 748/816/1038 746/813/1035
f 749/817/1039 750/818/1040 748/816/1038
f 751/819/1041 752/820/1042 750/818/1040
f 752/820/1042 755/821/1043 754/822/1044
f 754/822/1044 757/823/1045 756/824/1046
f 758/825/1047 760/826/1048 759/827/1049
f 759/827/1049 763/828/1050 762/829/1051
f 762/829/1051 765/830/1052 764/831/1053
f 765/830/1052 766/832/1054 764/831/1053
f 771/833/1055 769/834/1056 768/835/1057
f 775/836/1058 773/837/1059 772/838/1060
f 779/839/1061 777/840/1062 776/841/1063
f 780/842/1064 782/843/1065 781/844/1066
f 770/845/1067 772/838/1060 773/837/1059
f 776/846/1068 781/844/1066 779/847/1069
f 708/760/982 785/848/1070 784/849/1071
f 722/774/996 787/850/1072 786/851/1073
f 721/852/1074 788/853/1075 720/772/994
f 740/806/1028 790/854/1076 734/804/1026
f 709/775/997 786/851/1073 785/855/1077
f 789/856/1078 734/804/1026 790/854/1076
f 761/857/1079 756/824/1046 757/823/1045
f 793/858/1080 767/859/1081 792/860/1082
f 795/861/1083 791/862/1084 794/863/1085
f 797/864/1086 794/863/1085 796/865/1087
f 783/866/1088 799/867/1089 798/868/1090
f 798/868/1090 797/864/1086 796/865/1087
f 784/849/1071 801/869/1091 800/870/1092
f 800/870/1092 803/871/1093 802/872/1094
f 803/871/1093 804/873/1095 802/872/1094
f 805/874/1096 768/835/1057 804/873/1095
f 785/855/1077 806/875/1097 801/876/1098
f 801/876/1098 807/877/1099 803/878/1100
f 807/877/1099 805/879/1101 803/878/1100
f 808/880/1102 771/881/1103 805/879/1101
f 786/851/1073 809/882/1104 806/875/1097
f 806/875/1097 810/883/1105 807/877/1099
f 807/877/1099 811/884/1106 808/880/1102
f 811/884/1106 772/838/1060 808/880/1102
f 789/885/1107 812/886/1108 788/853/1075
f 813/887/1109 814/888/1110 812/886/1108
f 815/889/1111 816/890/1112 814/888/1110
f 816/890/1112 776/841/1063 777/840/1062
f 790/854/1076 813/891/1113 789/856/1078
f 795/861/1083 815/892/1114 813/891/1113
f 797/864/1086 817/893/1115 815/892/1114
f 817/893/1115 780/842/1064 776/846/1068
f 778/894/22 781/895/22 769/896/22
f 456/812/1034 710/763/985 747/815/1037
f 747/815/1037 712/765/987 749/817/1039
f 749/817/1039 714/767/989 751/819/1041
f 751/819/1041 716/769/991 753/897/1116
f 716/769/991 755/821/1043 753/897/1116
f 718/770/992 757/823/1045 755/821/1043
f 761/857/1079 720/772/994 788/853/1075
f 788/853/1075 760/826/1048 761/857/1079
f 812/886/1108 763/828/1050 760/826/1048
f 814/888/1110 765/830/1052 763/828/1050
f 765/830/1052 777/840/1062 767/859/1081
f 778/898/1117 767/859/1081 777/840/1062
f 455/814/1036 728/899/1118 454/900/1119
f 746/813/1035 729/901/1120 728/899/1118
f 748/816/1038 730/902/1121 729/901/1120
f 750/818/1040 731/903/1122 730/902/1121
f 731/903/1122 754/822/1044 732/904/1123
f 732/904/1123 756/824/1046 733/905/1124
f 758/825/1047 733/905/1124 756/824/1046
f 787/906/1125 759/827/1049 809/907/1126
f 809/907/1126 762/829/1051 810/908/1127
f 810/908/1127 764/831/1053 811/909/1128
f 764/831/1053 775/910/1129 811/909/1128
f 774/911/1130 766/832/1054 793/858/1080
f 460/912/1131 698/913/1132 745/914/1133
f 745/914/1133 700/915/1134 744/916/1135
f 744/916/1135 702/917/1136 743/918/1137
f 743/918/1137 704/919/1138 742/920/1139
f 704/919/1138 741/921/1140 742/920/1139
f 706/922/1141 740/923/1142 741/921/1140
f 791/924/1143 708/925/1144 784/926/1145
f 784/926/1145 794/927/1146 791/924/1143
f 800/928/1147 796/929/1148 794/927/1146
f 796/929/1148 804/930/1149 798/931/1150
f 798/931/1150 768/932/1151 783/933/1152
f 783/933/1152 769/934/1153 782/935/1154
f 773/936/22 793/937/22 769/896/22
f 819/148/1155 566/149/1156 577/150/1157
f 821/151/1158 818/152/1159 819/148/1155
f 823/153/1160 820/154/1161 821/151/1158
f 825/155/1162 822/156/1163 823/153/1160
f 825/155/1162 826/157/1164 824/158/1165
f 827/159/1166 828/160/1167 826/157/1164
f 571/161/1168 830/162/1169 572/163/1170
f 831/164/1171 832/165/1172 830/162/1169
f 833/166/1173 834/167/1174 832/165/1172
f 835/168/1175 836/169/1176 834/167/1174
f 839/170/1177 836/169/1176 837/171/1178
f 841/172/1179 838/173/1180 839/170/1177
f 826/174/1181 843/175/1182 842/176/1183
f 824/177/1184 842/176/1183 844/178/1185
f 824/177/1184 845/179/1186 822/180/1187
f 822/180/1187 846/181/1188 820/182/1189
f 818/183/1190 567/184/1191 566/185/1192
f 820/182/1189 847/186/1193 818/183/1190
f 847/186/1193 568/187/1194 567/184/1191
f 846/181/1188 848/188/1195 847/186/1193
f 845/179/1186 849/189/1196 846/181/1188
f 844/178/1185 850/190/1197 845/179/1186
f 844/178/1185 852/191/1198 851/192/1199
f 842/176/1183 853/193/1200 852/191/1198
f 840/194/1201 854/195/1202 838/196/1203
f 838/196/1203 856/197/1204 836/198/1205
f 834/199/1206 856/197/1204 857/200/1207
f 832/201/1208 857/200/1207 858/202/1209
f 859/203/1210 572/204/1211 830/205/1212
f 830/205/1212 858/202/1209 859/203/1210
f 861/206/1213 855/207/1214 860/208/1215
f 862/209/1216 854/195/1202 861/206/1213
f 862/209/1216 857/200/1207 856/197/1204
f 863/210/1217 858/202/1209 857/200/1207
f 864/211/1218 859/203/1210 858/202/1209
f 865/212/1219 573/213/1220 859/203/1210
f 867/214/1221 570/215/1222 569/216/1223
f 869/217/1224 866/218/1225 867/214/1221
f 871/219/1226 868/220/1227 869/217/1224
f 873/221/1228 870/222/1229 871/219/1226
f 873/221/1228 874/223/1230 872/224/1231
f 875/225/1232 876/226/1233 874/223/1230
f 878/227/1234 880/228/1235 879/229/1236
f 881/230/1237 882/231/1238 880/228/1235
f 883/232/1239 884/233/1240 882/231/1238
f 887/234/1241 884/233/1240 885/235/1242
f 891/236/1243 889/237/1244 888/238/1245
f 895/239/1246 893/240/1247 892/241/1248
f 899/242/1249 897/243/1250 896/244/1251
f 900/245/1252 902/246/1253 901/247/1254
f 890/248/1255 892/241/1248 889/249/1256
f 903/250/1257 896/251/1258 897/252/1259
f 829/253/1260 904/254/1261 828/160/1167
f 843/175/1182 906/255/1262 853/193/1200
f 840/256/1263 909/257/1264 908/258/1265
f 911/259/1266 860/208/1215 855/207/1214
f 907/260/1267 828/261/1268 904/262/1269
f 908/263/1270 855/207/1214 840/194/1201
f 879/229/1236 877/264/1271 878/227/1234
f 886/265/1272 913/266/1273 912/267/1274
f 910/268/1275 915/269/1276 914/270/1277
f 914/270/1277 917/271/1278 916/272/1279
f 901/247/1254 918/273/1280 900/245/1252
f 919/274/1281 917/271/1278 918/273/1280
f 905/275/1282 920/276/1283 904/254/1261
f 921/277/1284 922/278/1285 920/276/1283
f 925/279/1286 922/278/1285 923/280/1287
f 888/238/1245 924/281/1288 925/279/1286
f 904/262/1269 926/282/1289 907/260/1267
f 920/283/1290 927/284/1291 926/282/1289
f 924/285/1292 927/284/1291 922/286/1293
f 889/249/1256 928/287/1294 924/285/1292
f 907/260/1267 929/288/1295 906/255/1262
f 926/282/1289 930/289/1296 929/288/1295
f 927/284/1291 931/290/1297 930/289/1296
f 892/241/1248 931/290/1297 928/287/1294
f 933/291/1298 908/258/1265 909/257/1264
f 935/292/1299 932/293/1300 933/291/1298
f 937/294/1301 934/295/1302 935/292/1299
f 937/294/1301 896/244/1251 936/296/1303
f 932/297/1304 911/259/1266 908/263/1270
f 934/298/1305 915/269/1276 932/297/1304
f 936/299/1306 917/271/1278 934/298/1305
f 936/299/1306 900/245/1252 918/273/1280
f 891/300/22 903/301/22 898/302/22
f 570/215/1222 831/164/1171 571/161/1168
f 866/218/1225 833/166/1173 831/164/1171
f 868/220/1227 835/168/1175 833/166/1173
f 870/222/1229 837/171/1178 835/168/1175
f 874/223/1230 837/171/1178 872/224/1231
f 876/226/1233 839/170/1177 874/223/1230
f 841/172/1179 879/229/1236 909/257/1264
f 880/228/1235 909/257/1264 879/229/1236
f 882/231/1238 933/291/1298 880/228/1235
f 884/233/1240 935/292/1299 882/231/1238
f 884/233/1240 899/242/1249 937/294/1301
f 898/303/1307 886/265/1272 912/267/1274
f 848/304/1308 569/216/1223 568/305/1309
f 849/306/1310 867/214/1221 848/304/1308
f 850/307/1311 869/217/1224 849/306/1310
f 851/308/1312 871/219/1226 850/307/1311
f 851/308/1312 875/225/1232 873/221/1228
f 852/309/1313 877/264/1271 875/225/1232
f 878/227/1234 853/310/1314 906/311/1315
f 906/311/1315 881/230/1237 878/227/1234
f 929/312/1316 883/232/1239 881/230/1237
f 930/313/1317 885/235/1242 883/232/1239
f 893/314/1318 885/235/1242 931/315/1319
f 887/234/1241 894/316/1320 913/266/1273
f 819/324/1321 574/325/1322 865/326/1323
f 865/326/1323 821/327/1324 819/324/1321
f 864/328/1325 823/329/1326 821/327/1324
f 863/330/1327 825/331/1328 823/329/1326
f 861/332/1329 825/331/1328 862/333/1330
f 860/334/1331 827/335/1332 861/332/1329
f 910/336/1333 829/337/1334 860/334/1331
f 914/338/1335 905/339/1336 910/336/1333
f 916/340/1337 921/341/1338 914/338/1335
f 916/340/1337 925/342/1339 923/343/1340
f 919/344/1341 888/345/1342 925/342/1339
f 891/346/1343 901/347/1344 902/348/1345
f 891/300/22 913/349/22 895/350/22
f 26/938/1346 27/939/1347 938/940/1348
f 27/939/1347 28/941/1349 938/940/1348
f 28/941/1349 29/942/1350 938/940/1348
f 29/942/1350 30/943/1351 938/940/1348
f 30/943/1351 31/944/1352 938/940/1348
f 261/945/1353 260/946/1354 939/947/776
f 262/948/1355 261/945/1353 939/947/776
f 263/949/1356 262/948/1355 939/947/776
f 264/950/1357 263/949/1356 939/947/776
f 265/951/1348 264/950/1357 939/947/776
f 265/951/1348 938/940/1348 31/944/1352
f 375/952/1358 374/953/1346 940/954/775
f 376/955/1359 375/952/1358 940/954/775
f 377/956/1360 376/955/1359 940/954/775
f 378/957/1361 377/956/1360 940/954/775
f 379/958/1362 378/957/1361 940/954/775
f 488/959/1354 489/960/1363 941/961/777
f 489/960/1363 490/962/1364 941/961/777
f 490/962/1364 491/963/1365 941/961/777
f 491/963/1365 492/964/1366 941/961/777
f 492/964/1366 493/965/1367 941/961/777
f 379/958/1362 941/961/777 493/965/1367
f 26/938/1346 940/954/775 374/953/1346
f 260/946/1354 941/961/777 939/947/776
f 7/1/1 14/25/25 362/2/2
f 32/4/4 380/516/530 368/5/5
f 49/7/7 397/319/324 404/8/8
f 97/10/10 445/321/326 444/11/11
f 95/13/13 96/12/12 444/11/11
f 94/15/15 442/18/18 416/16/16
f 95/13/13 443/14/14 442/18/18
f 68/17/19 416/16/599 461/19/20
f 7/1/1 6/26/26 15/24/24
f 6/26/26 5/37/28 16/27/27
f 5/28/28 4/32/31 17/29/29
f 3/31/30 18/34/33 17/29/29
f 2/33/32 19/53/493 18/34/33
f 6/26/26 7/1/1 12/35/34
f 5/37/28 6/26/26 11/36/35
f 4/32/31 5/28/28 10/39/36
f 3/31/30 8/42/39 13/41/38
f 4/32/31 9/40/37 8/42/39
f 11/36/35 12/35/34 38/43/40
f 10/38/36 11/36/35 39/44/41
f 10/39/36 40/966/42 41/46/43
f 8/42/39 42/48/45 43/47/44
f 9/40/37 41/46/43 42/48/45
f 14/25/46 15/24/49 21/49/47
f 15/24/49 16/27/51 22/50/50
f 16/30/51 17/29/54 23/51/52
f 18/34/53 24/54/56 23/51/52
f 19/53/55 25/68/492 24/54/56
f 32/4/4 33/57/59 27/55/57
f 33/57/59 32/4/4 20/6/6
f 33/57/59 34/59/62 28/58/61
f 34/59/62 33/57/59 21/49/60
f 28/60/61 34/63/62 35/61/64
f 34/63/62 22/52/63 23/51/66
f 29/62/65 35/61/64 36/64/67
f 35/61/64 23/51/66 24/54/69
f 30/65/68 36/64/67 37/66/70
f 36/64/67 24/54/69 25/68/72
f 49/7/7 56/9/9 57/69/73
f 48/70/74 57/69/73 58/71/75
f 58/73/75 59/76/78 46/74/77
f 59/76/78 60/78/80 45/77/79
f 60/78/80 61/92/495 44/79/81
f 48/70/74 53/81/83 54/80/82
f 47/72/76 52/85/87 53/81/83
f 51/82/84 52/86/87 47/75/76
f 55/83/85 50/84/86 45/77/79
f 50/84/86 51/82/84 46/74/77
f 53/81/83 39/44/41 38/43/40
f 52/85/87 40/45/42 39/44/41
f 41/46/43 40/966/42 52/86/87
f 43/47/44 42/48/45 50/84/86
f 42/48/45 41/46/43 51/82/84
f 56/9/88 62/123/784 63/87/89
f 57/69/90 63/87/89 64/88/91
f 64/89/91 65/90/94 59/76/93
f 65/90/94 66/91/96 60/78/95
f 66/91/96 67/94/497 61/92/97
f 81/93/98 77/95/101 67/94/99
f 77/95/101 81/93/98 80/96/102
f 76/97/103 80/96/102 79/98/104
f 74/100/106 78/103/109 72/101/107
f 75/99/105 79/98/104 78/103/109
f 85/104/110 81/93/98 66/91/100
f 81/93/98 85/104/110 84/105/112
f 80/96/102 84/105/112 83/106/113
f 78/103/109 82/108/115 71/107/114
f 79/98/104 83/106/113 82/108/115
f 89/109/116 85/104/110 65/90/111
f 85/104/110 89/109/116 88/110/118
f 84/105/112 88/110/118 87/111/119
f 82/108/115 86/113/121 70/112/120
f 83/106/113 87/111/119 86/113/121
f 89/114/116 64/88/117 63/87/122
f 88/116/118 89/114/116 93/115/123
f 87/118/119 88/116/118 92/117/124
f 90/120/126 69/124/128 70/121/120
f 86/122/121 87/118/119 91/119/125
f 93/115/123 63/87/122 62/123/127
f 92/117/124 93/115/123 97/10/10
f 91/119/125 92/117/124 96/12/12
f 94/15/15 68/17/17 69/124/128
f 90/120/126 91/119/125 95/13/13
f 73/102/130 72/101/133 100/126/131
f 72/101/133 71/107/135 101/128/134
f 71/107/135 70/112/137 102/129/136
f 70/121/137 69/124/139 103/130/138
f 68/17/19 98/125/129 103/130/138
f 110/132/140 111/146/154 99/133/141
f 109/135/143 110/132/140 100/134/142
f 108/137/145 109/135/143 101/136/144
f 107/139/147 108/137/145 102/138/146
f 106/141/149 107/139/147 103/140/148
f 113/144/152 104/323/328 105/143/151
f 111/146/154 112/21/21 114/147/155
f 224/148/156 127/152/160 104/149/157
f 225/151/159 128/154/162 127/152/160
f 226/153/161 129/156/164 128/154/162
f 227/155/163 130/158/166 129/156/164
f 227/155/163 228/159/167 131/157/165
f 228/159/167 229/253/261 132/160/168
f 109/161/169 199/164/172 145/162/170
f 199/164/172 200/166/174 146/165/173
f 200/166/174 201/168/176 147/167/175
f 201/168/176 202/171/179 148/169/177
f 203/170/178 149/173/181 148/169/177
f 204/172/180 150/256/264 149/173/181
f 131/174/182 132/261/269 138/175/183
f 130/177/185 131/174/182 137/176/184
f 130/177/185 136/178/186 135/179/187
f 129/180/188 135/179/187 134/181/189
f 127/183/191 133/186/194 105/184/192
f 128/182/190 134/181/189 133/186/194
f 133/186/194 144/188/196 106/187/195
f 134/181/189 143/189/197 144/188/196
f 135/179/187 142/190/198 143/189/197
f 136/178/186 141/192/200 142/190/198
f 136/178/186 137/176/184 140/191/199
f 137/176/184 138/175/183 139/193/201
f 150/194/202 156/207/215 155/195/203
f 149/196/204 155/195/203 154/197/205
f 147/199/207 148/198/206 154/197/205
f 146/201/209 147/199/207 153/200/208
f 151/203/211 111/213/221 110/204/212
f 145/205/213 146/201/209 152/202/210
f 122/206/214 155/195/203 156/207/215
f 123/209/217 154/197/205 155/195/203
f 123/209/217 124/210/218 153/200/208
f 124/210/218 125/211/219 152/202/210
f 125/211/219 126/212/220 151/203/211
f 126/212/220 112/967/1368 111/213/221
f 211/214/222 157/218/226 108/215/223
f 212/217/225 158/220/228 157/218/226
f 213/219/227 159/222/230 158/220/228
f 214/221/229 160/224/232 159/222/230
f 214/221/229 215/225/233 161/223/231
f 215/225/233 216/264/272 162/226/234
f 217/227/235 218/230/238 185/228/236
f 218/230/238 219/232/240 186/231/239
f 219/232/240 220/235/243 187/233/241
f 221/234/242 188/265/273 187/233/241
f 235/236/244 116/968/1369 169/237/245
f 119/239/247 118/969/1370 179/240/248
f 209/242/250 210/303/308 117/243/251
f 194/245/253 120/250/258 115/246/254
f 116/248/256 119/239/247 174/241/249
f 120/250/258 194/245/253 189/251/259
f 229/253/261 230/275/283 173/254/262
f 138/175/183 178/260/268 183/255/263
f 150/256/264 204/172/180 205/257/265
f 198/259/267 168/268/276 121/208/216
f 178/260/268 138/175/183 132/261/269
f 193/263/271 198/259/267 156/207/215
f 184/229/237 162/226/234 216/264/272
f 188/265/273 221/234/242 222/266/274
f 168/268/276 198/259/267 197/269/277
f 167/270/278 197/269/277 196/271/279
f 164/247/255 165/274/282 195/273/281
f 165/274/282 166/272/280 196/271/279
f 230/275/283 231/277/285 172/276/284
f 231/277/285 232/280/288 171/278/286
f 233/279/287 170/281/289 171/278/286
f 234/238/246 169/237/245 170/281/289
f 173/262/270 172/283/291 177/282/290
f 172/283/291 171/286/294 176/284/292
f 170/285/293 175/287/295 176/284/292
f 169/249/257 174/241/249 175/287/295
f 178/260/268 177/282/290 182/288/296
f 177/282/290 176/284/292 181/289/297
f 176/284/292 175/287/295 180/290/298
f 174/241/249 179/240/248 180/290/298
f 206/291/299 192/293/301 193/258/266
f 207/292/300 191/295/303 192/293/301
f 208/294/302 190/296/304 191/295/303
f 208/294/302 209/242/250 189/244/252
f 192/297/305 197/269/277 198/259/267
f 191/298/306 196/271/279 197/269/277
f 190/299/307 195/273/281 196/271/279
f 190/299/307 189/251/259 194/245/253
f 210/302/22 163/970/22 235/300/22
f 235/300/22 115/971/22 120/301/22
f 120/301/22 117/972/22 210/302/22
f 108/215/223 157/218/226 199/164/172
f 157/218/226 158/220/228 200/166/174
f 158/220/228 159/222/230 201/168/176
f 159/222/230 160/224/232 202/171/179
f 161/223/231 203/170/178 202/171/179
f 162/226/234 204/172/180 203/170/178
f 204/172/180 162/226/234 184/229/237
f 185/228/236 206/291/299 205/257/265
f 186/231/239 207/292/300 206/291/299
f 187/233/241 208/294/302 207/292/300
f 187/233/241 188/265/273 209/242/250
f 210/303/308 209/242/250 188/265/273
f 144/304/309 211/214/222 107/216/224
f 143/306/311 212/217/225 211/214/222
f 142/307/312 213/219/227 212/217/225
f 141/308/313 214/221/229 213/219/227
f 141/308/313 140/309/314 215/225/233
f 140/309/314 139/310/315 216/264/272
f 217/227/235 216/264/272 139/310/315
f 183/311/316 182/312/317 218/230/238
f 182/312/317 181/313/318 219/232/240
f 181/313/318 180/315/320 220/235/243
f 179/314/319 221/234/242 220/235/243
f 221/234/242 179/314/319 118/316/321
f 7/1/1 355/3/3 360/318/322
f 20/6/48 368/5/1371 362/2/323
f 54/80/82 402/320/325 397/319/324
f 38/43/40 386/502/514 402/320/325
f 62/123/127 410/548/597 445/321/326
f 113/144/152 461/602/622 452/322/327
f 224/324/329 223/973/1372 112/325/330
f 126/326/331 125/328/333 225/327/332
f 125/328/333 124/330/335 226/329/334
f 124/330/335 123/333/338 227/331/336
f 122/332/337 228/335/340 227/331/336
f 121/334/339 229/337/342 228/335/340
f 168/336/341 230/339/344 229/337/342
f 167/338/343 231/341/346 230/339/344
f 166/340/345 232/343/348 231/341/346
f 166/340/345 165/344/349 233/342/347
f 165/344/349 164/347/352 234/345/350
f 235/346/351 234/345/350 164/347/352
f 119/350/22 116/974/22 235/300/22
f 235/300/22 163/970/22 222/349/22
f 222/349/22 118/975/22 119/350/22
f 241/351/354 248/375/779 249/352/355
f 240/353/356 249/352/355 250/354/357
f 239/355/358 250/354/357 251/356/359
f 251/358/359 252/361/362 237/359/361
f 252/361/362 253/381/1373 236/362/363
f 240/353/356 245/364/365 246/363/364
f 239/355/358 244/365/366 245/364/365
f 238/357/360 243/371/372 244/365/366
f 247/366/367 242/367/368 237/359/361
f 242/367/368 243/374/372 238/360/360
f 245/364/365 273/369/370 272/368/369
f 244/365/366 274/414/418 273/369/370
f 275/370/371 274/414/418 244/365/366
f 277/372/373 276/373/374 242/367/368
f 276/373/374 275/976/371 243/374/372
f 248/375/375 254/386/778 255/376/376
f 249/352/377 255/376/376 256/377/378
f 250/354/379 256/377/378 257/378/380
f 257/379/380 258/380/383 252/361/382
f 258/380/383 259/395/1374 253/381/384
f 261/382/385 267/385/388 266/383/386
f 267/385/388 255/376/392 254/386/389
f 262/387/390 268/388/391 267/385/388
f 268/388/391 256/377/1375 255/376/392
f 262/387/390 263/977/395 269/389/393
f 257/378/394 256/377/1375 268/388/391
f 263/390/395 264/393/398 270/391/396
f 258/380/397 257/379/394 269/392/393
f 264/393/398 265/978/1376 271/394/399
f 259/395/400 258/380/397 270/391/396
f 283/396/401 282/399/404 291/397/402
f 282/399/404 281/402/407 292/400/405
f 280/401/406 293/419/409 292/400/405
f 279/403/408 294/407/411 293/404/409
f 278/406/410 295/421/494 294/407/411
f 282/399/404 283/396/401 288/408/412
f 281/402/407 282/399/404 287/409/413
f 281/402/407 286/410/414 285/411/415
f 279/403/408 284/413/417 289/412/416
f 280/405/406 285/415/415 284/413/417
f 287/409/413 288/408/412 272/368/369
f 286/410/414 287/409/413 273/369/370
f 286/410/414 274/414/418 275/370/371
f 284/413/417 276/373/374 277/372/373
f 285/415/415 275/976/371 276/373/374
f 290/398/419 291/397/422 297/416/420
f 291/397/422 292/400/425 298/418/423
f 293/419/424 299/439/427 298/418/423
f 294/407/426 300/422/429 299/420/427
f 295/421/428 301/424/496 300/422/429
f 315/423/430 300/422/441 301/424/431
f 314/426/433 315/423/430 311/425/432
f 313/428/435 314/426/433 310/427/434
f 308/430/437 307/460/1377 306/431/438
f 312/432/439 313/428/435 309/429/436
f 319/433/440 299/420/447 300/422/441
f 318/434/442 319/433/440 315/423/430
f 317/435/443 318/434/442 314/426/433
f 312/432/439 306/431/438 305/436/444
f 316/437/445 317/435/443 313/428/435
f 323/438/446 298/418/1378 299/439/447
f 322/441/448 323/438/446 319/440/440
f 321/443/449 322/441/448 318/442/442
f 316/445/445 305/463/444 304/446/450
f 320/447/451 321/443/449 317/444/443
f 297/416/452 298/418/1378 323/438/446
f 322/441/448 326/449/454 327/448/453
f 321/443/449 325/451/456 326/449/454
f 304/446/450 303/454/460 324/450/455
f 320/447/451 324/450/455 325/451/456
f 296/417/457 297/416/452 327/448/453
f 326/449/454 330/453/459 331/452/458
f 325/451/456 329/456/462 330/453/459
f 303/454/460 302/457/783 328/455/461
f 324/450/455 328/455/461 329/456/462
f 307/460/466 333/481/489 334/461/467
f 306/431/468 334/461/467 335/462/469
f 305/463/470 335/979/469 336/464/471
f 304/446/472 336/464/471 337/465/473
f 337/465/473 332/458/464 302/457/463
f 333/466/475 345/483/491 344/467/476
f 334/468/477 344/467/476 343/469/478
f 335/470/479 343/469/478 342/471/480
f 336/472/481 342/471/480 341/473/482
f 337/474/483 341/473/482 340/475/484
f 347/478/487 332/476/485 339/477/486
f 348/482/490 346/23/23 345/483/491
f 271/394/399 265/978/1376 31/67/71
f 259/395/400 271/394/399 37/66/70
f 253/381/384 259/395/1374 25/68/492
f 236/362/363 253/381/1373 19/53/493
f 247/366/367 236/362/363 2/33/32
f 43/47/44 277/372/373 247/366/367
f 289/412/416 277/372/373 43/47/44
f 278/406/410 289/412/416 55/83/85
f 295/421/494 278/406/410 44/79/81
f 301/424/496 295/421/428 61/92/97
f 311/425/432 301/424/431 67/94/99
f 310/427/434 311/425/432 77/95/101
f 309/429/436 310/427/434 76/97/103
f 308/430/437 309/429/436 75/99/105
f 73/102/108 307/460/1377 308/430/437
f 348/480/153 307/460/466 73/102/130
f 346/23/23 348/482/490 114/147/155
f 355/3/3 362/2/2 363/488/501
f 354/489/502 363/488/501 364/490/503
f 353/492/504 364/511/503 365/493/505
f 365/493/505 366/496/508 351/495/507
f 366/496/508 367/514/769 350/497/509
f 354/489/502 359/498/510 360/318/322
f 353/491/504 358/503/511 359/498/510
f 352/494/506 357/506/517 358/499/511
f 361/500/512 356/501/513 351/495/507
f 356/501/513 357/506/517 352/494/506
f 359/498/510 387/504/515 386/502/514
f 358/503/511 388/545/558 387/504/515
f 389/505/516 388/980/558 358/499/511
f 391/507/518 390/508/519 356/501/513
f 390/508/519 389/505/516 357/506/517
f 362/2/323 368/5/1371 369/509/520
f 363/488/521 369/509/520 370/510/522
f 364/511/523 370/981/522 371/512/524
f 371/512/524 372/513/527 366/496/526
f 372/513/527 373/528/768 367/514/528
f 375/515/529 381/518/532 380/516/530
f 381/518/532 369/509/535 368/5/5
f 376/519/533 382/520/534 381/518/532
f 382/520/534 370/510/1379 369/509/535
f 376/521/533 377/524/538 383/522/536
f 371/512/537 370/981/1379 382/523/534
f 377/524/538 378/526/541 384/525/539
f 372/513/540 371/512/537 383/522/536
f 378/526/541 379/744/767 385/527/542
f 373/528/543 372/513/540 384/525/539
f 397/319/324 396/530/545 405/529/544
f 396/530/545 395/540/548 406/531/546
f 394/532/547 407/536/550 406/533/546
f 393/535/549 408/538/552 407/536/550
f 392/537/551 409/552/771 408/538/552
f 396/530/545 397/319/324 402/320/325
f 395/540/548 396/530/545 401/539/553
f 395/534/548 400/546/554 399/542/555
f 393/535/549 398/544/557 403/543/556
f 394/532/547 399/542/555 398/544/557
f 401/539/553 402/320/325 386/502/514
f 400/541/554 401/539/553 387/504/515
f 400/546/554 388/980/558 389/505/516
f 398/544/557 390/508/519 391/507/518
f 399/542/555 389/505/516 390/508/519
f 404/8/559 405/529/562 411/547/560
f 405/529/562 406/531/565 412/549/563
f 407/536/564 413/551/567 412/550/563
f 408/538/566 414/553/569 413/551/567
f 409/552/568 415/555/773 414/553/569
f 429/554/570 414/553/581 415/555/571
f 428/557/573 429/554/570 425/556/572
f 427/559/575 428/557/573 424/558/574
f 422/561/577 421/585/774 420/562/578
f 426/563/579 427/559/575 423/560/576
f 433/564/580 413/551/587 414/553/581
f 432/565/582 433/564/580 429/554/570
f 431/566/583 432/565/582 428/557/573
f 426/563/579 420/562/578 419/567/584
f 430/568/585 431/566/583 427/559/575
f 437/569/586 412/550/1380 413/551/587
f 436/570/588 437/569/586 433/564/580
f 435/571/589 436/570/588 432/565/582
f 430/568/585 419/567/584 418/572/590
f 434/573/591 435/571/589 431/566/583
f 411/547/592 412/549/1380 437/574/586
f 436/576/588 440/578/594 441/575/593
f 435/577/589 439/582/596 440/578/594
f 418/579/590 417/583/598 438/580/595
f 434/581/591 438/580/595 439/582/596
f 410/548/597 411/547/592 441/575/593
f 440/578/594 444/11/11 445/321/326
f 439/582/596 443/14/14 444/11/11
f 417/583/598 416/16/16 442/18/18
f 438/580/595 442/18/18 443/14/14
f 421/585/601 447/604/624 448/586/602
f 420/562/603 448/586/602 449/587/604
f 419/567/605 449/587/604 450/588/606
f 418/579/607 450/982/606 451/589/608
f 451/589/608 446/584/600 416/16/599
f 447/590/610 459/606/626 458/591/611
f 448/592/612 458/591/611 457/593/613
f 449/594/614 457/593/613 456/595/615
f 450/596/616 456/595/615 455/597/617
f 451/598/618 455/597/617 454/599/619
f 461/602/622 446/600/620 453/601/621
f 462/605/625 460/486/499 459/606/626
f 469/608/627 468/611/630 477/609/628
f 468/611/630 467/622/632 478/612/631
f 467/613/632 466/617/635 479/614/633
f 465/616/634 480/619/637 479/614/633
f 464/618/636 481/639/1381 480/619/637
f 468/611/630 469/608/627 474/620/638
f 467/622/632 468/611/630 473/621/639
f 466/617/635 467/613/632 472/624/640
f 465/616/634 470/627/643 475/626/642
f 466/617/635 471/625/641 470/627/643
f 473/621/639 474/620/638 500/628/644
f 472/623/640 473/621/639 501/629/645
f 472/624/640 502/983/646 503/631/647
f 470/627/643 504/633/649 505/632/648
f 471/625/641 503/631/647 504/633/649
f 476/610/650 477/609/653 483/634/651
f 477/609/653 478/612/655 484/636/654
f 478/615/655 479/614/658 485/637/656
f 480/619/657 486/640/660 485/637/656
f 481/639/659 487/655/1382 486/640/660
f 494/641/661 495/644/664 489/642/662
f 495/644/664 494/641/661 482/635/665
f 495/644/664 496/646/668 490/645/667
f 496/646/668 495/644/664 483/634/666
f 490/647/667 496/650/668 497/648/670
f 496/650/668 484/638/669 485/637/672
f 491/649/671 497/648/670 498/651/673
f 497/648/670 485/637/672 486/640/675
f 492/652/674 498/651/673 499/653/676
f 498/651/673 486/640/675 487/655/678
f 511/656/679 518/675/780 519/657/680
f 510/658/681 519/657/680 520/659/682
f 520/661/682 521/664/685 508/662/684
f 521/664/685 522/666/687 507/665/686
f 522/666/687 523/681/770 506/667/688
f 510/658/681 515/669/690 516/668/689
f 509/660/683 514/673/694 515/669/690
f 513/670/691 514/674/694 509/663/683
f 517/671/692 512/672/693 507/665/686
f 512/672/693 513/670/691 508/662/684
f 515/669/690 501/629/645 500/628/644
f 514/673/694 502/630/646 501/629/645
f 503/631/647 502/983/646 514/674/694
f 505/632/648 504/633/649 512/672/693
f 504/633/649 503/631/647 513/670/691
f 518/675/695 524/712/781 525/676/696
f 519/657/697 525/676/696 526/677/698
f 526/678/698 527/679/701 521/664/700
f 527/679/701 528/680/703 522/666/702
f 528/680/703 529/683/772 523/681/704
f 543/682/705 539/684/708 529/683/706
f 539/684/708 543/682/705 542/685/709
f 538/686/710 542/685/709 541/687/711
f 536/689/713 540/692/716 534/690/714
f 537/688/712 541/687/711 540/692/716
f 547/693/717 543/682/705 528/680/707
f 543/682/705 547/693/717 546/694/719
f 542/685/709 546/694/719 545/695/720
f 540/692/716 544/697/722 533/696/721
f 541/687/711 545/695/720 544/697/722
f 551/698/723 547/693/717 527/679/718
f 547/693/717 551/698/723 550/699/725
f 546/694/719 550/699/725 549/700/726
f 544/697/722 548/702/728 532/701/727
f 545/695/720 549/700/726 548/702/728
f 551/703/723 526/677/724 525/676/729
f 550/705/725 551/703/723 555/704/730
f 549/707/726 550/705/725 554/706/731
f 552/709/733 531/717/739 532/710/727
f 548/711/728 549/707/726 553/708/732
f 555/704/730 525/676/729 524/712/734
f 554/706/731 555/704/730 559/713/735
f 553/708/732 554/706/731 558/714/736
f 556/716/738 530/718/782 531/717/739
f 552/709/733 553/708/732 557/715/737
f 535/691/742 534/690/745 562/721/743
f 534/690/745 533/696/747 563/723/746
f 533/696/747 532/701/749 564/724/748
f 532/710/749 531/717/751 565/725/750
f 530/718/740 560/720/741 565/725/750
f 572/727/752 573/741/765 561/728/753
f 571/730/755 572/727/752 562/729/754
f 570/732/757 571/730/755 563/731/756
f 569/734/759 570/732/757 564/733/758
f 568/736/761 569/734/759 565/735/760
f 575/739/764 566/485/498 567/738/763
f 573/741/765 574/487/500 576/742/766
f 379/744/767 493/654/677 499/653/676
f 385/527/542 499/653/676 487/655/678
f 373/528/768 487/655/1382 481/639/659
f 367/514/769 481/639/1381 464/618/636
f 350/497/509 464/618/636 475/626/642
f 361/500/512 475/626/642 505/632/648
f 391/507/518 505/632/648 517/671/692
f 403/543/556 517/671/692 506/667/688
f 392/537/551 506/667/688 523/681/770
f 409/552/568 523/681/704 529/683/772
f 415/555/571 529/683/706 539/684/708
f 425/556/572 539/684/708 538/686/710
f 424/558/574 538/686/710 537/688/712
f 423/560/576 537/688/712 536/689/713
f 422/561/577 536/689/713 535/691/715
f 421/585/601 535/691/742 576/740/623
f 462/605/625 576/742/766 574/487/500
f 940/745/775 938/984/1348 939/746/776
f 494/641/661 488/643/663 260/384/387
f 476/610/650 482/635/652 254/386/778
f 469/608/627 476/610/629 248/375/779
f 474/620/638 469/608/627 241/351/354
f 500/628/644 474/620/638 246/363/364
f 511/656/679 516/668/689 288/408/412
f 518/675/780 511/656/679 283/396/401
f 524/712/781 518/675/695 290/398/419
f 558/714/736 559/713/735 331/452/458
f 557/715/737 558/714/736 330/453/459
f 556/716/738 557/715/737 329/456/462
f 530/718/782 556/716/738 328/455/461
f 575/719/465 530/718/740 302/457/463
f 566/485/498 575/739/764 347/478/487
f 516/668/689 500/628/644 272/368/369
f 559/713/735 524/712/734 296/417/457
f 62/123/784 56/9/88 404/8/559
f 38/43/40 12/35/34 360/318/322
f 32/4/4 26/56/58 374/517/531
f 482/635/665 494/641/661 266/383/386
f 338/748/785 579/751/788 578/749/786
f 579/751/788 581/753/790 580/752/789
f 581/753/790 583/755/792 582/754/791
f 583/755/792 585/985/1383 584/756/793
f 584/756/793 585/985/1383 587/757/794
f 586/758/795 587/757/794 589/759/796
f 343/761/798 344/986/1384 591/762/799
f 590/763/800 591/762/799 593/764/801
f 592/765/802 593/764/801 595/766/803
f 594/767/804 595/766/803 597/768/805
f 597/768/805 599/771/808 598/770/807
f 599/771/808 601/852/889 600/772/809
f 587/773/810 603/777/814 602/774/811
f 585/776/813 604/789/826 603/777/814
f 605/778/815 604/789/826 585/776/813
f 606/780/817 605/778/815 583/779/816
f 579/782/819 338/987/1385 339/783/820
f 607/784/821 606/780/817 581/781/818
f 607/784/821 339/783/820 340/785/822
f 608/786/823 609/787/824 606/780/817
f 609/787/824 610/788/825 605/778/815
f 610/788/825 611/988/1386 604/789/826
f 604/789/826 611/988/1386 612/790/827
f 603/777/814 612/790/827 613/791/828
f 615/792/829 614/804/841 601/793/830
f 616/795/832 615/792/829 599/794/831
f 595/797/834 617/799/836 616/795/832
f 593/798/835 618/803/840 617/799/836
f 344/800/837 345/811/848 619/801/838
f 591/802/839 619/801/838 618/803/840
f 614/804/841 615/792/829 621/805/842
f 615/792/829 616/795/832 622/807/844
f 622/807/844 616/795/832 617/799/836
f 623/808/845 617/799/836 618/803/840
f 624/809/846 618/803/840 619/801/838
f 345/811/848 346/989/1387 625/810/847
f 342/812/849 627/815/852 626/813/850
f 627/815/852 629/817/854 628/816/853
f 629/817/854 631/819/856 630/818/855
f 631/819/856 633/897/931 632/820/857
f 632/820/857 633/897/931 635/821/858
f 634/822/859 635/821/858 637/823/860
f 638/825/862 641/857/894 640/826/863
f 639/827/864 640/826/863 643/828/865
f 642/829/866 643/828/865 645/830/867
f 645/830/867 647/859/896 646/832/869
f 651/833/870 650/990/1388 649/834/871
f 655/836/873 654/991/1389 653/837/874
f 659/839/876 658/898/932 657/840/877
f 660/842/879 663/866/903 662/843/880
f 650/845/882 651/881/918 652/838/875
f 656/846/883 660/842/879 661/844/881
f 588/760/797 589/759/796 665/848/885
f 602/774/811 613/791/828 667/850/887
f 601/852/889 669/885/922 668/853/890
f 620/806/843 671/862/899 670/854/891
f 589/775/812 602/774/811 666/851/888
f 669/856/893 601/793/830 614/804/841
f 641/857/894 638/825/862 636/824/861
f 673/858/895 646/832/869 647/859/896
f 675/861/898 670/854/891 671/862/899
f 677/864/901 675/861/898 674/863/900
f 663/866/903 660/842/879 679/867/904
f 678/868/905 679/867/904 677/864/901
f 664/849/886 665/848/885 681/869/906
f 680/870/907 681/869/906 683/871/908
f 683/871/908 685/874/911 684/873/910
f 685/874/911 651/833/870 648/835/872
f 665/855/892 666/851/888 686/875/912
f 681/876/913 686/875/912 687/877/914
f 687/877/914 688/880/917 685/879/916
f 688/880/917 652/838/875 651/881/918
f 666/851/888 667/850/887 689/882/919
f 686/875/912 689/882/919 690/883/920
f 687/877/914 690/883/920 691/884/921
f 691/884/921 655/836/873 652/838/875
f 669/885/922 693/887/924 692/886/923
f 693/887/924 695/889/926 694/888/925
f 695/889/926 697/992/1390 696/890/927
f 696/890/927 697/992/1390 656/841/878
f 670/854/891 675/861/898 693/891/928
f 675/861/898 677/864/901 695/892/929
f 677/864/901 679/867/904 697/893/930
f 697/893/930 679/867/904 660/842/879
f 649/896/22 672/993/22 658/894/22
f 658/894/22 659/994/22 661/895/22
f 661/895/22 662/995/22 649/896/22
f 342/812/849 343/761/798 590/763/800
f 627/815/852 590/763/800 592/765/802
f 629/817/854 592/765/802 594/767/804
f 631/819/856 594/767/804 596/769/806
f 596/769/806 598/770/807 635/821/858
f 598/770/807 600/772/809 637/823/860
f 641/857/894 637/823/860 600/772/809
f 668/853/890 692/886/923 640/826/863
f 692/886/923 694/888/925 643/828/865
f 694/888/925 696/890/927 645/830/867
f 645/830/867 696/890/927 657/840/877
f 658/898/932 672/860/897 647/859/896
f 341/814/851 626/813/850 608/899/933
f 626/813/850 628/816/853 609/901/935
f 628/816/853 630/818/855 610/902/936
f 630/818/855 632/820/857 611/903/937
f 611/903/937 632/820/857 634/822/859
f 612/904/938 634/822/859 636/824/861
f 638/825/862 667/906/940 613/905/939
f 667/906/940 638/825/862 639/827/864
f 689/907/941 639/827/864 642/829/866
f 690/908/942 642/829/866 644/831/868
f 644/831/868 646/832/869 655/910/944
f 654/911/945 655/910/944 646/832/869
f 346/912/946 349/996/1391 578/913/947
f 625/914/948 578/913/947 580/915/949
f 624/916/950 580/915/949 582/917/951
f 623/918/952 582/917/951 584/919/953
f 584/919/953 586/922/956 621/921/955
f 586/922/956 588/925/959 620/923/957
f 671/924/958 620/923/957 588/925/959
f 664/926/960 680/928/962 674/927/961
f 680/928/962 682/997/1392 676/929/963
f 676/929/963 682/997/1392 684/930/964
f 678/931/965 684/930/964 648/932/966
f 663/933/967 648/932/966 649/934/968
f 649/896/22 650/998/22 653/936/22
f 653/936/22 654/999/22 673/937/22
f 673/937/22 672/993/22 649/896/22
f 452/748/970 699/751/973 698/749/971
f 699/751/973 701/753/975 700/752/974
f 701/753/975 703/755/977 702/754/976
f 703/755/977 705/985/1393 704/756/978
f 704/756/978 705/985/1393 707/757/979
f 706/758/980 707/757/979 709/759/981
f 457/761/983 458/986/1394 711/762/984
f 710/763/985 711/762/984 713/764/986
f 712/765/987 713/764/986 715/766/988
f 714/767/989 715/766/988 717/768/990
f 717/768/990 719/771/993 718/770/992
f 719/771/993 721/852/1074 720/772/994
f 707/773/995 723/777/999 722/774/996
f 705/776/998 724/789/1011 723/777/999
f 725/778/1000 724/789/1011 705/776/998
f 726/780/1002 725/778/1000 703/779/1001
f 699/782/1004 452/987/1395 453/783/1005
f 727/784/1006 726/780/1002 701/781/1003
f 727/784/1006 453/783/1005 454/785/1007
f 728/786/1008 729/787/1009 726/780/1002
f 729/787/1009 730/788/1010 725/778/1000
f 730/788/1010 731/988/1396 724/789/1011
f 724/789/1011 731/988/1396 732/790/1012
f 723/777/999 732/790/1012 733/791/1013
f 735/792/1014 734/804/1026 721/793/1015
f 736/795/1017 735/792/1014 719/794/1016
f 715/797/1019 737/799/1021 736/795/1017
f 713/798/1020 738/803/1025 737/799/1021
f 458/800/1022 459/811/1033 739/801/1023
f 711/802/1024 739/801/1023 738/803/1025
f 734/804/1026 735/792/1014 741/805/1027
f 735/792/1014 736/795/1017 742/807/1029
f 742/807/1029 736/795/1017 737/799/1021
f 743/808/1030 737/799/1021 738/803/1025
f 744/809/1031 738/803/1025 739/801/1023
f 459/811/1033 460/989/1397 745/810/1032
f 456/812/1034 747/815/1037 746/813/1035
f 747/815/1037 749/817/1039 748/816/1038
f 749/817/1039 751/819/1041 750/818/1040
f 751/819/1041 753/897/1116 752/820/1042
f 752/820/1042 753/897/1116 755/821/1043
f 754/822/1044 755/821/1043 757/823/1045
f 758/825/1047 761/857/1079 760/826/1048
f 759/827/1049 760/826/1048 763/828/1050
f 762/829/1051 763/828/1050 765/830/1052
f 765/830/1052 767/859/1081 766/832/1054
f 771/833/1055 770/990/1398 769/834/1056
f 775/836/1058 774/991/1399 773/837/1059
f 779/839/1061 778/898/1117 777/840/1062
f 780/842/1064 783/866/1088 782/843/1065
f 770/845/1067 771/881/1103 772/838/1060
f 776/846/1068 780/842/1064 781/844/1066
f 708/760/982 709/759/981 785/848/1070
f 722/774/996 733/791/1013 787/850/1072
f 721/852/1074 789/885/1107 788/853/1075
f 740/806/1028 791/862/1084 790/854/1076
f 709/775/997 722/774/996 786/851/1073
f 789/856/1078 721/793/1015 734/804/1026
f 761/857/1079 758/825/1047 756/824/1046
f 793/858/1080 766/832/1054 767/859/1081
f 795/861/1083 790/854/1076 791/862/1084
f 797/864/1086 795/861/1083 794/863/1085
f 783/866/1088 780/842/1064 799/867/1089
f 798/868/1090 799/867/1089 797/864/1086
f 784/849/1071 785/848/1070 801/869/1091
f 800/870/1092 801/869/1091 803/871/1093
f 803/871/1093 805/874/1096 804/873/1095
f 805/874/1096 771/833/1055 768/835/1057
f 785/855/1077 786/851/1073 806/875/1097
f 801/876/1098 806/875/1097 807/877/1099
f 807/877/1099 808/880/1102 805/879/1101
f 808/880/1102 772/838/1060 771/881/1103
f 786/851/1073 787/850/1072 809/882/1104
f 806/875/1097 809/882/1104 810/883/1105
f 807/877/1099 810/883/1105 811/884/1106
f 811/884/1106 775/836/1058 772/838/1060
f 789/885/1107 813/887/1109 812/886/1108
f 813/887/1109 815/889/1111 814/888/1110
f 815/889/1111 817/992/1400 816/890/1112
f 816/890/1112 817/992/1400 776/841/1063
f 790/854/1076 795/861/1083 813/891/1113
f 795/861/1083 797/864/1086 815/892/1114
f 797/864/1086 799/867/1089 817/893/1115
f 817/893/1115 799/867/1089 780/842/1064
f 769/896/22 792/993/22 778/894/22
f 778/894/22 779/994/22 781/895/22
f 781/895/22 782/995/22 769/896/22
f 456/812/1034 457/761/983 710/763/985
f 747/815/1037 710/763/985 712/765/987
f 749/817/1039 712/765/987 714/767/989
f 751/819/1041 714/767/989 716/769/991
f 716/769/991 718/770/992 755/821/1043
f 718/770/992 720/772/994 757/823/1045
f 761/857/1079 757/823/1045 720/772/994
f 788/853/1075 812/886/1108 760/826/1048
f 812/886/1108 814/888/1110 763/828/1050
f 814/888/1110 816/890/1112 765/830/1052
f 765/830/1052 816/890/1112 777/840/1062
f 778/898/1117 792/860/1082 767/859/1081
f 455/814/1036 746/813/1035 728/899/1118
f 746/813/1035 748/816/1038 729/901/1120
f 748/816/1038 750/818/1040 730/902/1121
f 750/818/1040 752/820/1042 731/903/1122
f 731/903/1122 752/820/1042 754/822/1044
f 732/904/1123 754/822/1044 756/824/1046
f 758/825/1047 787/906/1125 733/905/1124
f 787/906/1125 758/825/1047 759/827/1049
f 809/907/1126 759/827/1049 762/829/1051
f 810/908/1127 762/829/1051 764/831/1053
f 764/831/1053 766/832/1054 775/910/1129
f 774/911/1130 775/910/1129 766/832/1054
f 460/912/1131 463/996/1401 698/913/1132
f 745/914/1133 698/913/1132 700/915/1134
f 744/916/1135 700/915/1134 702/917/1136
f 743/918/1137 702/917/1136 704/919/1138
f 704/919/1138 706/922/1141 741/921/1140
f 706/922/1141 708/925/1144 740/923/1142
f 791/924/1143 740/923/1142 708/925/1144
f 784/926/1145 800/928/1147 794/927/1146
f 800/928/1147 802/997/1402 796/929/1148
f 796/929/1148 802/997/1402 804/930/1149
f 798/931/1150 804/930/1149 768/932/1151
f 783/933/1152 768/932/1151 769/934/1153
f 769/896/22 770/998/22 773/936/22
f 773/936/22 774/999/22 793/937/22
f 793/937/22 792/993/22 769/896/22
f 819/148/1155 818/152/1159 566/149/1156
f 821/151/1158 820/154/1161 818/152/1159
f 823/153/1160 822/156/1163 820/154/1161
f 825/155/1162 824/158/1165 822/156/1163
f 825/155/1162 827/159/1166 826/157/1164
f 827/159/1166 829/253/1260 828/160/1167
f 571/161/1168 831/164/1171 830/162/1169
f 831/164/1171 833/166/1173 832/165/1172
f 833/166/1173 835/168/1175 834/167/1174
f 835/168/1175 837/171/1178 836/169/1176
f 839/170/1177 838/173/1180 836/169/1176
f 841/172/1179 840/256/1263 838/173/1180
f 826/174/1181 828/261/1268 843/175/1182
f 824/177/1184 826/174/1181 842/176/1183
f 824/177/1184 844/178/1185 845/179/1186
f 822/180/1187 845/179/1186 846/181/1188
f 818/183/1190 847/186/1193 567/184/1191
f 820/182/1189 846/181/1188 847/186/1193
f 847/186/1193 848/188/1195 568/187/1194
f 846/181/1188 849/189/1196 848/188/1195
f 845/179/1186 850/190/1197 849/189/1196
f 844/178/1185 851/192/1199 850/190/1197
f 844/178/1185 842/176/1183 852/191/1198
f 842/176/1183 843/175/1182 853/193/1200
f 840/194/1201 855/207/1214 854/195/1202
f 838/196/1203 854/195/1202 856/197/1204
f 834/199/1206 836/198/1205 856/197/1204
f 832/201/1208 834/199/1206 857/200/1207
f 859/203/1210 573/213/1220 572/204/1211
f 830/205/1212 832/201/1208 858/202/1209
f 861/206/1213 854/195/1202 855/207/1214
f 862/209/1216 856/197/1204 854/195/1202
f 862/209/1216 863/210/1217 857/200/1207
f 863/210/1217 864/211/1218 858/202/1209
f 864/211/1218 865/212/1219 859/203/1210
f 865/212/1219 574/967/1403 573/213/1220
f 867/214/1221 866/218/1225 570/215/1222
f 869/217/1224 868/220/1227 866/218/1225
f 871/219/1226 870/222/1229 868/220/1227
f 873/221/1228 872/224/1231 870/222/1229
f 873/221/1228 875/225/1232 874/223/1230
f 875/225/1232 877/264/1271 876/226/1233
f 878/227/1234 881/230/1237 880/228/1235
f 881/230/1237 883/232/1239 882/231/1238
f 883/232/1239 885/235/1242 884/233/1240
f 887/234/1241 886/265/1272 884/233/1240
f 891/236/1243 890/968/1404 889/237/1244
f 895/239/1246 894/969/1405 893/240/1247
f 899/242/1249 898/303/1307 897/243/1250
f 900/245/1252 903/250/1257 902/246/1253
f 890/248/1255 895/239/1246 892/241/1248
f 903/250/1257 900/245/1252 896/251/1258
f 829/253/1260 905/275/1282 904/254/1261
f 843/175/1182 907/260/1267 906/255/1262
f 840/256/1263 841/172/1179 909/257/1264
f 911/259/1266 910/268/1275 860/208/1215
f 907/260/1267 843/175/1182 828/261/1268
f 908/263/1270 911/259/1266 855/207/1214
f 879/229/1236 876/226/1233 877/264/1271
f 886/265/1272 887/234/1241 913/266/1273
f 910/268/1275 911/259/1266 915/269/1276
f 914/270/1277 915/269/1276 917/271/1278
f 901/247/1254 919/274/1281 918/273/1280
f 919/274/1281 916/272/1279 917/271/1278
f 905/275/1282 921/277/1284 920/276/1283
f 921/277/1284 923/280/1287 922/278/1285
f 925/279/1286 924/281/1288 922/278/1285
f 888/238/1245 889/237/1244 924/281/1288
f 904/262/1269 920/283/1290 926/282/1289
f 920/283/1290 922/286/1293 927/284/1291
f 924/285/1292 928/287/1294 927/284/1291
f 889/249/1256 892/241/1248 928/287/1294
f 907/260/1267 926/282/1289 929/288/1295
f 926/282/1289 927/284/1291 930/289/1296
f 927/284/1291 928/287/1294 931/290/1297
f 892/241/1248 893/240/1247 931/290/1297
f 933/291/1298 932/293/1300 908/258/1265
f 935/292/1299 934/295/1302 932/293/1300
f 937/294/1301 936/296/1303 934/295/1302
f 937/294/1301 899/242/1249 896/244/1251
f 932/297/1304 915/269/1276 911/259/1266
f 934/298/1305 917/271/1278 915/269/1276
f 936/299/1306 918/273/1280 917/271/1278
f 936/299/1306 896/251/1258 900/245/1252
f 898/302/22 912/970/22 891/300/22
f 891/300/22 902/971/22 903/301/22
f 903/301/22 897/972/22 898/302/22
f 570/215/1222 866/218/1225 831/164/1171
f 866/218/1225 868/220/1227 833/166/1173
f 868/220/1227 870/222/1229 835/168/1175
f 870/222/1229 872/224/1231 837/171/1178
f 874/223/1230 839/170/1177 837/171/1178
f 876/226/1233 841/172/1179 839/170/1177
f 841/172/1179 876/226/1233 879/229/1236
f 880/228/1235 933/291/1298 909/257/1264
f 882/231/1238 935/292/1299 933/291/1298
f 884/233/1240 937/294/1301 935/292/1299
f 884/233/1240 886/265/1272 899/242/1249
f 898/303/1307 899/242/1249 886/265/1272
f 848/304/1308 867/214/1221 569/216/1223
f 849/306/1310 869/217/1224 867/214/1221
f 850/307/1311 871/219/1226 869/217/1224
f 851/308/1312 873/221/1228 871/219/1226
f 851/308/1312 852/309/1313 875/225/1232
f 852/309/1313 853/310/1314 877/264/1271
f 878/227/1234 877/264/1271 853/310/1314
f 906/311/1315 929/312/1316 881/230/1237
f 929/312/1316 930/313/1317 883/232/1239
f 930/313/1317 931/315/1319 885/235/1242
f 893/314/1318 887/234/1241 885/235/1242
f 887/234/1241 893/314/1318 894/316/1320
f 819/324/1321 577/973/1406 574/325/1322
f 865/326/1323 864/328/1325 821/327/1324
f 864/328/1325 863/330/1327 823/329/1326
f 863/330/1327 862/333/1330 825/331/1328
f 861/332/1329 827/335/1332 825/331/1328
f 860/334/1331 829/337/1334 827/335/1332
f 910/336/1333 905/339/1336 829/337/1334
f 914/338/1335 921/341/1338 905/339/1336
f 916/340/1337 923/343/1340 921/341/1338
f 916/340/1337 919/344/1341 925/342/1339
f 919/344/1341 901/347/1344 888/345/1342
f 891/346/1343 888/345/1342 901/347/1344
f 895/350/22 890/974/22 891/300/22
f 891/300/22 912/970/22 913/349/22
f 913/349/22 894/975/22 895/350/22
f 265/951/1348 939/947/776 938/940/1348
f 379/958/1362 940/954/775 941/961/777
f 26/938/1346 938/940/1348 940/954/775
f 260/946/1354 488/959/1354 941/961/777
